Test_Repetition	Tester	Tester_Gender	Testee	Testee_Gender	Logger	Logger_Gender	Ext_Rot_N_Pairing 1	Ext_Rot_N_Pairing 2	Int_Rot_N_Pairing 1	Int_Rot_N_Pairing 2
1	03Q1	m	UY8N	m	XKHX	f	nan	203,3	nan	327,9
1	03Q1	m	XKHX	f	UY8N	m	108,1	nan	135,7	nan
1	0G2E	f	C9QY	f	GWZ3	f	nan	78,7	nan	118,3
1	0G2E	f	GWZ3	f	IWEV	m	123,0	nan	148,0	nan
1	0PVW	f	9ID0	f	LB1H	f	159,2	nan	185,0	nan
1	0PVW	f	LB1H	f	MCAO	f	nan	117,9	nan	121,9
1	0W85	m	CV81	m	NE43	f	nan	149,0	nan	177,5
1	0W85	m	NE43	f	B01W	f	104,5	nan	106,7	nan
1	2ABW	f	FV50	m	VOFU	m	140,1	nan	192,2	nan
1	2ABW	f	VOFU	m	FV50	m	nan	185,5	nan	186,4
1	2AI2	m	C9OV	m	SBL6	f	171,2	nan	279,35	nan
1	2AI2	m	SBL6	f	7IJJ	f	nan	121,9	nan	141,0
1	2BW9	f	PIGD	m	W7B5	f	nan	134,3	nan	203,7
1	2BW9	f	W7B5	f	PIGD	m	92,5	nan	106,7	nan
1	2TT1	f	7J9M	f	EQY3	f	99,0	nan	130,0	nan
1	2TT1	f	EQY3	f	7J9M	f	nan	113,0	nan	162,0
1	3DSL	f	IFBB	f	LH1H	m	nan	145,9	nan	114,7
1	3DSL	f	LH1H	m	IFBB	f	168,1	nan	173,0	nan
1	3Y7T	f	KGRE	f	4N1T	f	nan	95,2	nan	160,6
1	3Y7T	f	KGRE	f	EBNE	m	109,4	nan	136,0	nan
1	4N1T	f	3Y7T	f	KGRE	f	92,0	nan	110,7	nan
1	4N1T	f	EBNE	m	3Y7T	f	nan	156,6	nan	133,9
1	4Z5T	f	C1BJ	m	MIV4	f	nan	158,8	nan	198,8
1	4Z5T	f	MIV4	f	C1BJ	m	107,2	nan	132,5	nan
1	54W1	m	MXT3	m	8YYM	f	nan	161,5	nan	209,1
1	54W1	m	URX1	f	MXT3	m	84,0	nan	137,9	nan
1	6QVB	f	L07I	f	G5QJ	f	95,6	nan	110,3	nan
1	6QVB	f	L07I	f	PBAN	f	nan	76,5	nan	99,6
1	71G1	m	D63N	m	QUVC	f	nan	142,8	nan	235,8
1	71G1	m	QUVC	f	D63N	m	138,8	nan	176,6	nan
1	7847	f	GONF	f	U24Z	f	nan	117,9	nan	162,3
1	7847	f	U24Z	f	GONF	f	168,6	nan	173,0	nan
1	7IJJ	f	2AI2	m	C9OV	m	204,0	nan	327,0	nan
1	7IJJ	f	C9OV	m	2AI2	m	nan	155,7	nan	256,2
1	7J9M	f	EQY3	f	FW51	m	114,0	nan	141,0	nan
1	7J9M	f	FW51	m	2TT1	f	nan	176,0	nan	209,0
1	8SUE	f	9EMF	f	C7WI	f	nan	84,5	nan	92,0
1	8SUE	f	C7WI	f	9EMF	f	90,7	nan	78,3	nan
1	8YYM	f	54W1	m	URX1	f	175,2	nan	195,3	nan
1	8YYM	f	URX1	f	54W1	m	nan	96,9	nan	144,1
1	96H6	f	Q1CO	f	UQO6	f	nan	98,7	nan	135,2
1	96H6	f	UQO6	f	Q1CO	f	103,6	nan	149,9	nan
1	9EMF	f	8SUE	f	C7WI	f	112,5	nan	122,3	nan
1	9EMF	f	C7WI	f	8SUE	f	nan	77,8	nan	101,8
1	9EOO	f	XO3D	m	9OIM	f	196,6	nan	214,0	nan
1	9EOO	f	XO3D	m	E8FP	m	nan	121,9	nan	158,5
1	9ID0	f	0PVW	f	LB1H	f	nan	123,6	nan	135,7
1	9ID0	f	LB1H	f	MCAO	f	114,0	nan	126,0	nan
1	9MJ0	f	J8KP	f	ZQBM	m	76,9	nan	91,2	nan
1	9OIM	f	9EOO	f	XO3D	m	nan	85,8	nan	137,0
1	9OIM	f	E8FP	m	9EOO	f	169,5	nan	191,7	nan
1	AJT0	f	B1BU	f	NYLS	m	nan	108,5	nan	128,1
1	AJT0	f	NYLS	m	B1BU	f	167,7	nan	193,9	nan
1	B01W	f	0W85	m	CV81	m	nan	213,1	nan	219,3
1	B01W	f	CV81	m	0W85	m	181,0	nan	168,1	nan
1	B1BU	f	AJT0	f	NYLS	m	115,6	nan	169,5	nan
1	B1BU	f	NYLS	m	AJT0	f	nan	167,7	nan	166,4
1	C0YZ	m	7847	f	GONF	f	nan	137,4	nan	178,4
1	C0YZ	m	7847	f	U24Z	f	144,1	nan	173,0	nan
1	C1BJ	m	4Z5T	f	MIV4	f	117,0	nan	154,3	nan
1	C1BJ	m	MIV4	f	4Z5T	f	nan	95,2	nan	97,4
1	C7WI	f	8SUE	f	9EMF	f	nan	86,7	nan	120,1
1	C7WI	f	9EMF	f	8SUE	f	88,5	nan	82,7	nan
1	C9OV	m	2AI2	m	SBL6	f	nan	139,2	nan	211,3
1	C9OV	m	SBL6	f	7IJJ	f	67,5	nan	143,0	nan
1	C9QY	f	0G2E	f	GWZ3	f	125,9	nan	160,6	nan
1	C9QY	f	GWZ3	f	IWEV	m	nan	127,6	nan	131,2
1	CNRK	f	NUBL	f	OELD	m	nan	90,3	nan	110,7
1	CNRK	f	OELD	m	NUBL	f	198,4	nan	273,4	nan
1	CV81	m	0W85	m	NE43	f	218,4	nan	258,0	nan
1	CV81	m	NE43	f	B01W	f	nan	121,0	nan	110,3
1	D63N	m	FOEB	m	71G1	m	165,0	nan	293,6	nan
1	D63N	m	QUVC	f	FOEB	m	nan	119,6	nan	148,6
1	DM6E	f	MLS0	f	HOLJ	m	145,0	nan	139,7	nan
1	DM6E	f	MLS0	f	RNV5	f	nan	154,3	nan	111,6
1	DPOA	m	GX1C	m	P2TB	m	152,1	nan	155,2	nan
1	DPOA	m	P2TB	m	GX1C	m	nan	92,5	nan	110,3
1	DQDJ	m	8LNG	m	WYMH	f	nan	187,7	nan	190,0
1	E8FP	m	9EOO	f	XO3D	m	103,2	nan	127,6	nan
1	E8FP	m	9OIM	f	9EOO	f	nan	100,0	nan	91,6
1	EBNE	m	3Y7T	f	KGRE	f	nan	77,4	nan	103,2
1	EBNE	m	4N1T	f	3Y7T	f	81,8	nan	113,4	nan
1	EQY3	f	7J9M	f	FW51	m	nan	99,0	nan	127,0
1	EQY3	f	FW51	m	2TT1	f	167,0	nan	224,0	nan
1	ESW0	f	OW8O	f	Q80H	m	nan	153,9	nan	205,5
1	ESW0	f	R19W	m	OW8O	f	199,7	nan	243,3	nan
1	ET9A	f	STFF	f	SYLZ	f	nan	133,4	nan	143,7
1	ET9A	f	SYLZ	f	STFF	f	111,6	nan	114,3	nan
1	FDHE	m	9MJ0	f	J8KP	f	111,6	nan	127,0	nan
1	FDHE	m	J8KP	f	9MJ0	f	nan	72,0	nan	93,0
1	FOEB	m	71G1	m	D63N	m	nan	147,8	nan	249,6
1	FOEB	m	71G1	m	QUVC	f	174,5	nan	274,9	nan
1	FV50	m	2ABW	f	VOFU	m	nan	98,3	nan	94,3
1	FV50	m	VOFU	m	2ABW	f	169,5	nan	220,2	nan
1	FW51	m	2TT1	f	7J9M	f	94,0	nan	105,0	nan
1	FW51	m	2TT1	f	EQY3	f	nan	90,0	nan	138,0
1	G5QJ	f	6QVB	f	L07I	f	nan	124,1	nan	128,9
1	G5QJ	f	PBAN	f	6QVB	f	105,4	nan	129,5	nan
1	GONF	f	C0YZ	m	7847	f	166,4	nan	142,3	nan
1	GONF	f	U24Z	f	C0YZ	m	nan	129,4	nan	130,8
1	GWZ3	f	IWEV	m	0G2E	f	nan	133,0	nan	196,0
1	GWZ3	f	IWEV	m	C9QY	f	127,2	nan	149,9	nan
1	GX1C	m	DPOA	m	P2TB	m	nan	137,0	nan	134,3
1	GX1C	m	P2TB	m	DPOA	m	142,3	nan	80,9	nan
1	HOLJ	m	DM6E	f	MLS0	f	nan	146,8	nan	154,8
1	HOLJ	m	RNV5	f	DM6E	f	90,0	nan	125,0	nan
1	HURM	m	I22H	f	YX6H	f	81,0	nan	121,0	nan
1	HURM	m	YX6H	f	I22H	f	nan	66,0	nan	107,0
1	I22H	f	HURM	m	YX6H	f	nan	204,0	nan	264,0
1	I22H	f	YX6H	f	HURM	m	74,0	nan	103,0	nan
1	IFBB	f	3DSL	f	LH1H	m	127,6	nan	170,4	nan
1	IFBB	f	LH1H	m	3DSL	f	nan	154,8	nan	147,2
1	IWEV	m	0G2E	f	C9QY	f	nan	131,3	nan	109,8
1	IWEV	m	C9QY	f	0G2E	f	85,4	nan	83,6	nan
1	J8KP	f	9MJ0	f	ZQBM	m	nan	99,2	nan	113,0
1	J8KP	f	ZQBM	m	FDHE	m	141,4	nan	122,3	nan
1	KGRE	f	4N1T	f	EBNE	m	nan	99,2	nan	80,0
1	KGRE	f	EBNE	m	4N1T	f	125,0	nan	119,6	nan
1	KIU5	f	SBJ4	f	MC2X	m	104,5	nan	141,4	nan
1	L07I	f	G5QJ	f	PBAN	f	102,7	nan	148,6	nan
1	L07I	f	PBAN	f	G5QJ	f	nan	113,4	nan	120,1
1	LB1H	f	MCAO	f	0PVW	f	150,3	nan	167,7	nan
1	LB1H	f	MCAO	f	9ID0	f	nan	136,1	nan	150,8
1	LH1H	m	3DSL	f	IFBB	f	nan	110,7	nan	104,1
1	LH1H	m	IFBB	f	3DSL	f	146,8	nan	96,5	nan
1	MC2X	m	XBJV	f	KIU5	f	74,5	nan	96,4	nan
1	MCAO	f	0PVW	f	9ID0	f	139,0	nan	134,3	nan
1	MCAO	f	9ID0	f	0PVW	f	nan	168,6	nan	179,3
1	MIV4	f	4Z5T	f	C1BJ	m	nan	136,5	nan	124,1
1	MIV4	f	C1BJ	m	4Z5T	f	163,7	nan	173,2	nan
1	MLS0	f	HOLJ	m	RNV5	f	182,8	nan	303,8	nan
1	MLS0	f	RNV5	f	HOLJ	m	nan	92,5	nan	124,1
1	MXT3	m	8YYM	f	54W1	m	86,7	nan	93,4	nan
1	MXT3	m	8YYM	f	URX1	f	nan	90,3	nan	100,9
1	NE43	f	B01W	f	0W85	m	nan	104,5	nan	116,1
1	NE43	f	B01W	f	CV81	m	99,6	nan	129,0	nan
1	NUBL	f	CNRK	f	OELD	m	111,6	nan	137,4	nan
1	NUBL	f	OELD	m	CNRK	f	nan	206,4	nan	211,3
1	NYLS	m	AJT0	f	B1BU	f	nan	111,6	nan	178,4
1	NYLS	m	B1BU	f	AJT0	f	73,8	nan	113,0	nan
1	OELD	m	CNRK	f	NUBL	f	nan	105,4	nan	118,3
1	OELD	m	NUBL	f	CNRK	f	88,9	nan	102,7	nan
1	OW8O	f	Q80H	m	ESW0	f	148,1	nan	177,0	nan
1	OW8O	f	Q80H	m	R19W	m	nan	156,6	nan	218,0
1	P2TB	m	DPOA	m	GX1C	m	154,8	nan	231,3	nan
1	P2TB	m	GX1C	m	DPOA	m	nan	92,1	nan	180,1
1	PBAN	f	6QVB	f	L07I	f	91,6	nan	112,5	nan
1	PBAN	f	G5QJ	f	6QVB	f	nan	105,8	nan	129,9
1	PIGD	m	QDH7	m	2BW9	f	173,5	nan	209,1	nan
1	PIGD	m	W7B5	f	QDH7	m	nan	78,7	nan	93,8
1	Q1CO	f	96H6	f	UQO6	f	94,3	nan	145,4	nan
1	Q1CO	f	UQO6	f	96H6	f	nan	103,6	nan	124,1
1	Q80H	m	ESW0	f	R19W	m	112,1	nan	108,1	nan
1	Q80H	m	R19W	m	ESW0	f	nan	182,4	nan	214,8
1	QDH7	m	2BW9	f	PIGD	m	nan	100,9	nan	145,0
1	QDH7	m	2BW9	f	W7B5	f	105,4	nan	125,9	nan
1	QUVC	f	D63N	m	FOEB	m	173,5	nan	236,6	nan
1	QUVC	f	FOEB	m	71G1	m	nan	161,0	nan	251,3
1	R19W	m	ESW0	f	OW8O	f	nan	155,7	nan	111,6
1	R19W	m	OW8O	f	Q80H	m	121,9	nan	175,2	nan
1	RNV5	f	DM6E	f	MLS0	f	125,5	nan	174,4	nan
1	RNV5	f	HOLJ	m	DM6E	f	nan	151,7	nan	242,0
1	SBJ4	f	MC2X	m	XBJV	f	162,8	nan	173,9	nan
1	SBL6	f	7IJJ	f	2AI2	m	96,5	nan	154,6	nan
1	SBL6	f	7IJJ	f	C9OV	m	nan	101,4	nan	136,5
1	STFF	f	ET9A	f	SYLZ	f	98,3	nan	112,5	nan
1	STFF	f	SYLZ	f	ET9A	f	nan	102,7	nan	128,5
1	SYLZ	f	ET9A	f	STFF	f	nan	104,5	nan	133,4
1	SYLZ	f	STFF	f	ET9A	f	103,6	nan	117,9	nan
1	U24Z	f	C0YZ	m	7847	f	nan	134,3	nan	170,5
1	U24Z	f	GONF	f	C0YZ	m	82,7	nan	139,7	nan
1	UQO6	f	96H6	f	Q1CO	f	nan	101,8	nan	140,5
1	UQO6	f	Q1CO	f	96H6	f	125,4	nan	152,0	nan
1	URX1	f	54W1	m	MXT3	m	nan	209,5	nan	200,2
1	URX1	f	MXT3	m	8YYM	f	153,0	nan	200,6	nan
1	UY8N	m	03Q1	m	XKHX	f	143,7	nan	140,5	nan
1	UY8N	m	XKHX	f	03Q1	m	nan	118,7	nan	149,9
1	VOFU	m	2ABW	f	FV50	m	97,4	nan	118,7	nan
1	VOFU	m	FV50	m	2ABW	f	nan	146,3	nan	203,3
1	W7B5	f	PIGD	m	QDH7	m	135,7	nan	162,3	nan
1	W7B5	f	QDH7	m	2BW9	f	nan	224,2	nan	244,2
1	WYMH	f	DQDJ	m	8LNG	m	166,4	nan	206,4	nan
1	XBJV	f	KIU5	f	SBJ4	f	154,8	nan	177,9	nan
1	XKHX	f	03Q1	m	UY8N	m	nan	141,0	nan	172,1
1	XKHX	f	UY8N	m	03Q1	m	225,5	nan	286,9	nan
1	XO3D	m	9OIM	f	E8FP	m	89,4	nan	107,2	nan
1	XO3D	m	E8FP	m	9OIM	f	nan	164,6	nan	194,4
1	YX6H	f	HURM	m	I22H	f	176,0	nan	218,0	nan
1	YX6H	f	I22H	f	HURM	m	nan	107,0	nan	129,0
1	ZQBM	m	FDHE	m	9MJ0	f	151,2	nan	154,8	nan
1	ZQBM	m	FDHE	m	J8KP	f	nan	149,0	nan	171,2
2	03Q1	m	UY8N	m	XKHX	f	nan	191,7	nan	275,4
2	03Q1	m	XKHX	f	UY8N	m	117,0	nan	135,7	nan
2	0G2E	f	C9QY	f	GWZ3	f	nan	93,8	nan	118,7
2	0G2E	f	GWZ3	f	IWEV	m	113,9	nan	138,3	nan
2	0PVW	f	9ID0	f	LB1H	f	152,1	nan	169,9	nan
2	0PVW	f	LB1H	f	MCAO	f	nan	116,1	nan	122,7
2	0W85	m	CV81	m	NE43	f	nan	154,3	nan	156,1
2	0W85	m	NE43	f	B01W	f	113,0	nan	112,5	nan
2	2ABW	f	FV50	m	VOFU	m	135,2	nan	158,3	nan
2	2ABW	f	VOFU	m	FV50	m	nan	184,6	nan	249,6
2	2AI2	m	C9OV	m	SBL6	f	155,7	nan	280,7	nan
2	2AI2	m	SBL6	f	7IJJ	f	nan	121,0	nan	142,3
2	2BW9	f	PIGD	m	W7B5	f	nan	127,6	nan	205,5
2	2BW9	f	W7B5	f	PIGD	m	94,7	nan	125,9	nan
2	2TT1	f	7J9M	f	EQY3	f	100,0	nan	139,0	nan
2	2TT1	f	EQY3	f	7J9M	f	nan	100,0	nan	183,0
2	3DSL	f	IFBB	f	LH1H	m	nan	136,5	nan	137,4
2	3DSL	f	LH1H	m	IFBB	f	163,7	nan	141,9	nan
2	3Y7T	f	KGRE	f	4N1T	f	nan	100,9	nan	147,7
2	3Y7T	f	KGRE	f	EBNE	m	113,9	nan	151,7	nan
2	4N1T	f	3Y7T	f	KGRE	f	100,9	nan	85,4	nan
2	4N1T	f	EBNE	m	3Y7T	f	nan	177,5	nan	154,3
2	4Z5T	f	C1BJ	m	MIV4	f	nan	162,3	nan	206,4
2	4Z5T	f	MIV4	f	C1BJ	m	95,2	nan	146,8	nan
2	54W1	m	MXT3	m	8YYM	f	nan	136,1	nan	222,4
2	54W1	m	URX1	f	MXT3	m	82,7	nan	130,3	nan
2	6QVB	f	L07I	f	G5QJ	f	92,0	nan	97,8	nan
2	6QVB	f	L07I	f	PBAN	f	nan	98,7	nan	129,4
2	71G1	m	D63N	m	QUVC	f	nan	148,6	nan	234,9
2	71G1	m	QUVC	f	D63N	m	148,1	nan	153,0	nan
2	7847	f	GONF	f	U24Z	f	nan	136,1	nan	146,3
2	7847	f	U24Z	f	GONF	f	119,6	nan	132,1	nan
2	7IJJ	f	2AI2	m	C9OV	m	146,3	nan	256,7	nan
2	7IJJ	f	C9OV	m	2AI2	m	nan	170,4	nan	220,1
2	7J9M	f	EQY3	f	FW51	m	114,0	nan	155,0	nan
2	7J9M	f	FW51	m	2TT1	f	nan	153,0	nan	206,0
2	8SUE	f	9EMF	f	C7WI	f	nan	84,9	nan	92,0
2	8SUE	f	C7WI	f	9EMF	f	83,6	nan	109,8	nan
2	8YYM	f	54W1	m	URX1	f	194,4	nan	229,5	nan
2	8YYM	f	URX1	f	54W1	m	nan	83,2	nan	121,0
2	96H6	f	Q1CO	f	UQO6	f	nan	106,3	nan	131,2
2	96H6	f	UQO6	f	Q1CO	f	109,9	nan	125,9	nan
2	9EMF	f	8SUE	f	C7WI	f	98,7	nan	139,7	nan
2	9EMF	f	C7WI	f	8SUE	f	nan	72,9	nan	101,8
2	9EOO	f	XO3D	m	9OIM	f	171,7	nan	196,6	nan
2	9EOO	f	XO3D	m	E8FP	m	nan	134,2	nan	162,4
2	9ID0	f	0PVW	f	LB1H	f	nan	138,3	nan	130,8
2	9ID0	f	LB1H	f	MCAO	f	113,4	nan	115,2	nan
2	9MJ0	f	J8KP	f	ZQBM	m	70,7	nan	88,5	nan
2	9OIM	f	9EOO	f	XO3D	m	nan	77,4	nan	117,0
2	9OIM	f	E8FP	m	9EOO	f	176,6	nan	177,9	nan
2	AJT0	f	B1BU	f	NYLS	m	nan	85,8	nan	116,5
2	AJT0	f	NYLS	m	B1BU	f	176,6	nan	224,2	nan
2	B01W	f	0W85	m	CV81	m	nan	225,1	nan	244,2
2	B01W	f	CV81	m	0W85	m	152,1	nan	186,4	nan
2	B1BU	f	AJT0	f	NYLS	m	111,0	nan	130,0	nan
2	B1BU	f	NYLS	m	AJT0	f	nan	150,8	nan	171,7
2	C0YZ	m	7847	f	GONF	f	nan	168,1	nan	166,4
2	C0YZ	m	7847	f	U24Z	f	154,8	nan	197,9	nan
2	C1BJ	m	4Z5T	f	MIV4	f	131,2	nan	151,7	nan
2	C1BJ	m	MIV4	f	4Z5T	f	nan	89,6	nan	98,7
2	C7WI	f	8SUE	f	9EMF	f	nan	84,0	nan	109,0
2	C7WI	f	9EMF	f	8SUE	f	84,5	nan	100,9	nan
2	C9OV	m	2AI2	m	SBL6	f	nan	131,6	nan	201,9
2	C9OV	m	SBL6	f	7IJJ	f	88,0	nan	150,0	nan
2	C9QY	f	0G2E	f	GWZ3	f	110,3	nan	177,0	nan
2	C9QY	f	GWZ3	f	IWEV	m	nan	142,8	nan	147,2
2	CNRK	f	NUBL	f	OELD	m	nan	74,7	nan	88,5
2	CNRK	f	OELD	m	NUBL	f	220,6	nan	267,8	nan
2	CV81	m	0W85	m	NE43	f	245,0	nan	225,1	nan
2	CV81	m	NE43	f	B01W	f	nan	123,6	nan	125,0
2	D63N	m	FOEB	m	71G1	m	141,0	nan	223,2	nan
2	D63N	m	QUVC	f	FOEB	m	nan	94,7	nan	148,6
2	DM6E	f	MLS0	f	HOLJ	m	150,8	nan	109,4	nan
2	DM6E	f	MLS0	f	RNV5	f	nan	153,0	nan	130,8
2	DPOA	m	GX1C	m	P2TB	m	146,3	nan	157,0	nan
2	DPOA	m	P2TB	m	GX1C	m	nan	126,3	nan	103,2
2	DQDJ	m	8LNG	m	WYMH	f	nan	150,0	nan	178,4
2	E8FP	m	9EOO	f	XO3D	m	109,0	nan	106,7	nan
2	E8FP	m	9OIM	f	9EOO	f	nan	130,0	nan	160,5
2	EBNE	m	3Y7T	f	KGRE	f	nan	93,4	nan	129,4
2	EBNE	m	4N1T	f	3Y7T	f	96,1	nan	92,0	nan
2	EQY3	f	7J9M	f	FW51	m	nan	86,0	nan	133,0
2	EQY3	f	FW51	m	2TT1	f	169,0	nan	234,0	nan
2	ESW0	f	OW8O	f	Q80H	m	nan	156,6	nan	203,3
2	ESW0	f	R19W	m	OW8O	f	185,9	nan	257,6	nan
2	ET9A	f	STFF	f	SYLZ	f	nan	121,9	nan	145,0
2	ET9A	f	SYLZ	f	STFF	f	114,3	nan	116,5	nan
2	FDHE	m	9MJ0	f	J8KP	f	97,4	nan	123,6	nan
2	FDHE	m	J8KP	f	9MJ0	f	nan	85,0	nan	87,6
2	FOEB	m	71G1	m	D63N	m	nan	173,5	nan	253,6
2	FOEB	m	71G1	m	QUVC	f	166,8	nan	249,6	nan
2	FV50	m	2ABW	f	VOFU	m	nan	102,7	nan	115,6
2	FV50	m	VOFU	m	2ABW	f	207,7	nan	269,6	nan
2	FW51	m	2TT1	f	7J9M	f	99,0	nan	127,0	nan
2	FW51	m	2TT1	f	EQY3	f	nan	103,0	nan	137,0
2	G5QJ	f	6QVB	f	L07I	f	nan	116,5	nan	112,5
2	G5QJ	f	PBAN	f	6QVB	f	95,6	nan	127,2	nan
2	GONF	f	C0YZ	m	7847	f	161,5	nan	222,9	nan
2	GONF	f	U24Z	f	C0YZ	m	nan	129,4	nan	145,0
2	GWZ3	f	IWEV	m	0G2E	f	nan	165,0	nan	181,0
2	GWZ3	f	IWEV	m	C9QY	f	146,3	nan	149,0	nan
2	GX1C	m	DPOA	m	P2TB	m	nan	125,0	nan	110,7
2	GX1C	m	P2TB	m	DPOA	m	139,2	nan	111,2	nan
2	HOLJ	m	DM6E	f	MLS0	f	nan	143,7	nan	137,9
2	HOLJ	m	RNV5	f	DM6E	f	97,0	nan	137,4	nan
2	HURM	m	I22H	f	YX6H	f	89,0	nan	112,0	nan
2	HURM	m	YX6H	f	I22H	f	nan	67,0	nan	110,0
2	I22H	f	HURM	m	YX6H	f	nan	208,0	nan	257,0
2	I22H	f	YX6H	f	HURM	m	77,0	nan	93,0	nan
2	IFBB	f	3DSL	f	LH1H	m	132,5	nan	158,3	nan
2	IFBB	f	LH1H	m	3DSL	f	nan	124,1	nan	145,0
2	IWEV	m	0G2E	f	C9QY	f	nan	107,2	nan	102,7
2	IWEV	m	C9QY	f	0G2E	f	87,6	nan	133,4	nan
2	J8KP	f	9MJ0	f	ZQBM	m	nan	91,6	nan	122,7
2	J8KP	f	ZQBM	m	FDHE	m	137,0	nan	115,2	nan
2	KGRE	f	4N1T	f	EBNE	m	nan	88,9	nan	151,0
2	KGRE	f	EBNE	m	4N1T	f	132,0	nan	181,0	nan
2	KIU5	f	SBJ4	f	MC2X	m	99,6	nan	155,7	nan
2	L07I	f	G5QJ	f	PBAN	f	123,6	nan	126,3	nan
2	L07I	f	PBAN	f	G5QJ	f	nan	105,8	nan	116,1
2	LB1H	f	MCAO	f	0PVW	f	135,2	nan	173,9	nan
2	LB1H	f	MCAO	f	9ID0	f	nan	119,2	nan	138,3
2	LH1H	m	3DSL	f	IFBB	f	nan	136,1	nan	167,2
2	LH1H	m	IFBB	f	3DSL	f	134,8	nan	137,9	nan
2	MC2X	m	XBJV	f	KIU5	f	77,2	nan	92,3	nan
2	MCAO	f	0PVW	f	9ID0	f	135,7	nan	130,3	nan
2	MCAO	f	9ID0	f	0PVW	f	nan	155,7	nan	180,6
2	MIV4	f	4Z5T	f	C1BJ	m	nan	138,3	nan	134,8
2	MIV4	f	C1BJ	m	4Z5T	f	167,2	nan	183,3	nan
2	MLS0	f	HOLJ	m	RNV5	f	203,7	nan	268,5	nan
2	MLS0	f	RNV5	f	HOLJ	m	nan	86,3	nan	121,0
2	MXT3	m	8YYM	f	54W1	m	77,4	nan	109,8	nan
2	MXT3	m	8YYM	f	URX1	f	nan	100,9	nan	93,4
2	NE43	f	B01W	f	0W85	m	nan	104,1	nan	116,5
2	NE43	f	B01W	f	CV81	m	99,2	nan	121,9	nan
2	NUBL	f	CNRK	f	OELD	m	101,8	nan	131,2	nan
2	NUBL	f	OELD	m	CNRK	f	nan	207,7	nan	196,2
2	NYLS	m	AJT0	f	B1BU	f	nan	127,2	nan	162,1
2	NYLS	m	B1BU	f	AJT0	f	92,0	nan	129,4	nan
2	OELD	m	CNRK	f	NUBL	f	nan	101,8	nan	150,3
2	OELD	m	NUBL	f	CNRK	f	91,2	nan	96,9	nan
2	OW8O	f	Q80H	m	ESW0	f	151,2	nan	185,9	nan
2	OW8O	f	Q80H	m	R19W	m	nan	131,2	nan	201,1
2	P2TB	m	DPOA	m	GX1C	m	184,1	nan	195,3	nan
2	P2TB	m	GX1C	m	DPOA	m	nan	142,3	nan	184,6
2	PBAN	f	6QVB	f	L07I	f	89,8	nan	113,9	nan
2	PBAN	f	G5QJ	f	6QVB	f	nan	103,6	nan	124,1
2	PIGD	m	QDH7	m	2BW9	f	173,0	nan	243,3	nan
2	PIGD	m	W7B5	f	QDH7	m	nan	80,0	nan	109,0
2	Q1CO	f	96H6	f	UQO6	f	85,8	nan	166,8	nan
2	Q1CO	f	UQO6	f	96H6	f	nan	112,1	nan	143,2
2	Q80H	m	ESW0	f	R19W	m	141,4	nan	113,4	nan
2	Q80H	m	R19W	m	ESW0	f	nan	163,2	nan	180,1
2	QDH7	m	2BW9	f	PIGD	m	nan	93,4	nan	127,2
2	QDH7	m	2BW9	f	W7B5	f	96,1	nan	145,0	nan
2	QUVC	f	D63N	m	FOEB	m	151,2	nan	261,1	nan
2	QUVC	f	FOEB	m	71G1	m	nan	191,7	nan	247,3
2	R19W	m	ESW0	f	OW8O	f	nan	141,0	nan	92,5
2	R19W	m	OW8O	f	Q80H	m	120,5	nan	143,2	nan
2	RNV5	f	DM6E	f	MLS0	f	136,1	nan	128,1	nan
2	RNV5	f	HOLJ	m	DM6E	f	nan	146,8	nan	251,8
2	SBJ4	f	MC2X	m	XBJV	f	146,8	nan	175,7	nan
2	SBL6	f	7IJJ	f	2AI2	m	125,0	nan	179,3	nan
2	SBL6	f	7IJJ	f	C9OV	m	nan	115,2	nan	129,0
2	STFF	f	ET9A	f	SYLZ	f	99,2	nan	119,6	nan
2	STFF	f	SYLZ	f	ET9A	f	nan	110,7	nan	109,4
2	SYLZ	f	ET9A	f	STFF	f	nan	107,6	nan	128,1
2	SYLZ	f	STFF	f	ET9A	f	97,8	nan	134,8	nan
2	U24Z	f	C0YZ	m	7847	f	nan	163,7	nan	236,6
2	U24Z	f	GONF	f	C0YZ	m	84,5	nan	107,6	nan
2	UQO6	f	96H6	f	Q1CO	f	nan	96,1	nan	127,6
2	UQO6	f	Q1CO	f	96H6	f	115,6	nan	152,6	nan
2	URX1	f	54W1	m	MXT3	m	nan	173,0	nan	159,2
2	URX1	f	MXT3	m	8YYM	f	148,6	nan	230,0	nan
2	UY8N	m	03Q1	m	XKHX	f	152,6	nan	158,8	nan
2	UY8N	m	XKHX	f	03Q1	m	nan	96,9	nan	145,4
2	VOFU	m	2ABW	f	FV50	m	102,3	nan	121,4	nan
2	VOFU	m	FV50	m	2ABW	f	nan	149,9	nan	218,4
2	W7B5	f	PIGD	m	QDH7	m	145,4	nan	161,0	nan
2	W7B5	f	QDH7	m	2BW9	f	nan	210,0	nan	297,2
2	WYMH	f	DQDJ	m	8LNG	m	188,7	nan	226,0	nan
2	XBJV	f	KIU5	f	SBJ4	f	120,1	nan	207,3	nan
2	XKHX	f	03Q1	m	UY8N	m	nan	148,6	nan	164,1
2	XKHX	f	UY8N	m	03Q1	m	211,7	nan	317,2	nan
2	XO3D	m	9OIM	f	E8FP	m	91,2	nan	139,2	nan
2	XO3D	m	E8FP	m	9OIM	f	nan	157,5	nan	188,6
2	YX6H	f	HURM	m	I22H	f	189,0	nan	271,0	nan
2	YX6H	f	I22H	f	HURM	m	nan	107,0	nan	133,0
2	ZQBM	m	FDHE	m	9MJ0	f	164,1	nan	169,9	nan
2	ZQBM	m	FDHE	m	J8KP	f	nan	153,0	nan	162,3
3	03Q1	m	UY8N	m	XKHX	f	nan	197,1	nan	314,1
3	03Q1	m	XKHX	f	UY8N	m	122,7	nan	141,4	nan
3	0G2E	f	C9QY	f	GWZ3	f	nan	97,4	nan	122,7
3	0G2E	f	GWZ3	f	IWEV	m	104,1	nan	145,9	nan
3	0PVW	f	9ID0	f	LB1H	f	149,0	nan	165,9	nan
3	0PVW	f	LB1H	f	MCAO	f	nan	106,3	nan	131,6
3	0W85	m	CV81	m	NE43	f	nan	146,3	nan	165,9
3	0W85	m	NE43	f	B01W	f	101,8	nan	94,3	nan
3	2ABW	f	FV50	m	VOFU	m	169,1	nan	251,8	nan
3	2ABW	f	VOFU	m	FV50	m	nan	155,7	nan	251,8
3	2AI2	m	C9OV	m	SBL6	f	240,2	nan	278,0	nan
3	2AI2	m	SBL6	f	7IJJ	f	nan	106,7	nan	132,1
3	2BW9	f	PIGD	m	W7B5	f	nan	112,1	nan	229,1
3	2BW9	f	W7B5	f	PIGD	m	97,4	nan	108,1	nan
3	2TT1	f	7J9M	f	EQY3	f	117,0	nan	147,0	nan
3	2TT1	f	EQY3	f	7J9M	f	nan	108,0	nan	177,0
3	3DSL	f	IFBB	f	LH1H	m	nan	119,6	nan	125,4
3	3DSL	f	LH1H	m	IFBB	f	151,2	nan	127,2	nan
3	3Y7T	f	KGRE	f	4N1T	f	nan	105,4	nan	148,6
3	3Y7T	f	KGRE	f	EBNE	m	105,8	nan	150,8	nan
3	4N1T	f	3Y7T	f	KGRE	f	91,6	nan	93,8	nan
3	4N1T	f	EBNE	m	3Y7T	f	nan	138,8	nan	196,0
3	4Z5T	f	C1BJ	m	MIV4	f	nan	152,1	nan	187,3
3	4Z5T	f	MIV4	f	C1BJ	m	95,2	nan	111,6	nan
3	54W1	m	MXT3	m	8YYM	f	nan	129,4	nan	227,8
3	54W1	m	URX1	f	MXT3	m	94,3	nan	165,5	nan
3	6QVB	f	L07I	f	G5QJ	f	92,0	nan	112,5	nan
3	6QVB	f	L07I	f	PBAN	f	nan	102,3	nan	113,0
3	71G1	m	D63N	m	QUVC	f	nan	173,0	nan	231,8
3	71G1	m	QUVC	f	D63N	m	118,7	nan	169,9	nan
3	7847	f	GONF	f	U24Z	f	nan	82,3	nan	133,4
3	7847	f	U24Z	f	GONF	f	119,2	nan	133,9	nan
3	7IJJ	f	2AI2	m	C9OV	m	131,6	nan	227,3	nan
3	7IJJ	f	C9OV	m	2AI2	m	nan	184,6	nan	254,0
3	7J9M	f	EQY3	f	FW51	m	115,0	nan	155,0	nan
3	7J9M	f	FW51	m	2TT1	f	nan	168,0	nan	223,0
3	8SUE	f	9EMF	f	C7WI	f	nan	80,9	nan	109,0
3	8SUE	f	C7WI	f	9EMF	f	96,5	nan	90,7	nan
3	8YYM	f	54W1	m	URX1	f	184,6	nan	213,1	nan
3	8YYM	f	URX1	f	54W1	m	nan	105,8	nan	148,6
3	96H6	f	Q1CO	f	UQO6	f	nan	107,6	nan	147,2
3	96H6	f	UQO6	f	Q1CO	f	113,4	nan	133,0	nan
3	9EMF	f	8SUE	f	C7WI	f	94,7	nan	134,8	nan
3	9EMF	f	C7WI	f	8SUE	f	nan	76,0	nan	90,3
3	9EOO	f	XO3D	m	9OIM	f	167,2	nan	205,5	nan
3	9EOO	f	XO3D	m	E8FP	m	nan	142,0	nan	162,1
3	9ID0	f	0PVW	f	LB1H	f	nan	112,5	nan	117,4
3	9ID0	f	LB1H	f	MCAO	f	109,8	nan	118,7	nan
3	9MJ0	f	J8KP	f	ZQBM	m	85,4	nan	96,5	nan
3	9OIM	f	9EOO	f	XO3D	m	nan	70,3	nan	112,8
3	9OIM	f	E8FP	m	9EOO	f	174,0	nan	169,0	nan
3	AJT0	f	B1BU	f	NYLS	m	nan	108,1	nan	113,9
3	AJT0	f	NYLS	m	B1BU	f	169,5	nan	193,9	nan
3	B01W	f	0W85	m	CV81	m	nan	207,3	nan	207,7
3	B01W	f	CV81	m	0W85	m	144,5	nan	173,0	nan
3	B1BU	f	AJT0	f	NYLS	m	119,2	nan	125,0	nan
3	B1BU	f	NYLS	m	AJT0	f	nan	161,9	nan	180,1
3	C0YZ	m	7847	f	GONF	f	nan	138,3	nan	176,1
3	C0YZ	m	7847	f	U24Z	f	137,9	nan	183,3	nan
3	C1BJ	m	4Z5T	f	MIV4	f	123,2	nan	146,3	nan
3	C1BJ	m	MIV4	f	4Z5T	f	nan	83,6	nan	115,2
3	C7WI	f	8SUE	f	9EMF	f	nan	79,6	nan	125,4
3	C7WI	f	9EMF	f	8SUE	f	79,1	nan	107,6	nan
3	C9OV	m	2AI2	m	SBL6	f	nan	174,4	nan	215,3
3	C9OV	m	SBL6	f	7IJJ	f	104,1	nan	134,3	nan
3	C9QY	f	0G2E	f	GWZ3	f	128,5	nan	111,2	nan
3	C9QY	f	GWZ3	f	IWEV	m	nan	116,5	nan	146,8
3	CNRK	f	NUBL	f	OELD	m	nan	73,8	nan	114,3
3	CNRK	f	OELD	m	NUBL	f	238,0	nan	240,2	nan
3	CV81	m	0W85	m	NE43	f	220,6	nan	206,4	nan
3	CV81	m	NE43	f	B01W	f	nan	132,1	nan	131,2
3	D63N	m	FOEB	m	71G1	m	156,1	nan	240,7	nan
3	D63N	m	QUVC	f	FOEB	m	nan	105,9	nan	157,9
3	DM6E	f	MLS0	f	HOLJ	m	152,1	nan	117,9	nan
3	DM6E	f	MLS0	f	RNV5	f	nan	149,0	nan	113,4
3	DPOA	m	GX1C	m	P2TB	m	112,1	nan	142,3	nan
3	DPOA	m	P2TB	m	GX1C	m	nan	149,0	nan	159,2
3	DQDJ	m	8LNG	m	WYMH	f	nan	155,4	nan	165,0
3	E8FP	m	9EOO	f	XO3D	m	88,9	nan	105,8	nan
3	E8FP	m	9OIM	f	9EOO	f	nan	124,0	nan	152,5
3	EBNE	m	3Y7T	f	KGRE	f	nan	91,6	nan	131,6
3	EBNE	m	4N1T	f	3Y7T	f	109,4	nan	93,4	nan
3	EQY3	f	7J9M	f	FW51	m	nan	100,0	nan	117,0
3	EQY3	f	FW51	m	2TT1	f	175,0	nan	186,0	nan
3	ESW0	f	OW8O	f	Q80H	m	nan	179,7	nan	198,4
3	ESW0	f	R19W	m	OW8O	f	189,5	nan	228,0	nan
3	ET9A	f	STFF	f	SYLZ	f	nan	133,0	nan	134,8
3	ET9A	f	SYLZ	f	STFF	f	104,1	nan	124,1	nan
3	FDHE	m	9MJ0	f	J8KP	f	101,8	nan	122,7	nan
3	FDHE	m	J8KP	f	9MJ0	f	nan	90,3	nan	89,8
3	FOEB	m	71G1	m	D63N	m	nan	180,6	nan	289,6
3	FOEB	m	71G1	m	QUVC	f	165,0	nan	233,5	nan
3	FV50	m	2ABW	f	VOFU	m	nan	104,3	nan	117,0
3	FV50	m	VOFU	m	2ABW	f	172,6	nan	225,5	nan
3	FW51	m	2TT1	f	7J9M	f	101,0	nan	146,0	nan
3	FW51	m	2TT1	f	EQY3	f	nan	97,0	nan	140,0
3	G5QJ	f	6QVB	f	L07I	f	nan	98,7	nan	112,1
3	G5QJ	f	PBAN	f	6QVB	f	94,7	nan	130,8	nan
3	GONF	f	C0YZ	m	7847	f	142,8	nan	176,6	nan
3	GONF	f	U24Z	f	C0YZ	m	nan	153,9	nan	148,1
3	GWZ3	f	IWEV	m	0G2E	f	nan	152,6	nan	173,5
3	GWZ3	f	IWEV	m	C9QY	f	147,2	nan	170,4	nan
3	GX1C	m	DPOA	m	P2TB	m	nan	141,9	nan	188,6
3	GX1C	m	P2TB	m	DPOA	m	106,7	nan	87,2	nan
3	HOLJ	m	DM6E	f	MLS0	f	nan	149,4	nan	160,0
3	HOLJ	m	RNV5	f	DM6E	f	71,1	nan	141,0	nan
3	HURM	m	I22H	f	YX6H	f	98,0	nan	137,0	nan
3	HURM	m	YX6H	f	I22H	f	nan	74,0	nan	113,0
3	I22H	f	HURM	m	YX6H	f	nan	237,0	nan	249,0
3	I22H	f	YX6H	f	HURM	m	78,0	nan	111,0	nan
3	IFBB	f	3DSL	f	LH1H	m	121,9	nan	143,2	nan
3	IFBB	f	LH1H	m	3DSL	f	nan	126,8	nan	134,3
3	IWEV	m	0G2E	f	C9QY	f	nan	128,5	nan	100,9
3	IWEV	m	C9QY	f	0G2E	f	83,2	nan	103,6	nan
3	J8KP	f	9MJ0	f	ZQBM	m	nan	91,6	nan	101,4
3	J8KP	f	ZQBM	m	FDHE	m	134,8	nan	131,6	nan
3	KGRE	f	4N1T	f	EBNE	m	nan	106,3	nan	111,6
3	KGRE	f	EBNE	m	4N1T	f	138,4	nan	188,6	nan
3	KIU5	f	SBJ4	f	MC2X	m	102,1	nan	152,6	nan
3	L07I	f	G5QJ	f	PBAN	f	123,6	nan	115,6	nan
3	L07I	f	PBAN	f	G5QJ	f	nan	111,2	nan	112,1
3	LB1H	f	MCAO	f	0PVW	f	138,8	nan	153,0	nan
3	LB1H	f	MCAO	f	9ID0	f	nan	131,6	nan	153,4
3	LH1H	m	3DSL	f	IFBB	f	nan	111,2	nan	173,5
3	LH1H	m	IFBB	f	3DSL	f	118,3	nan	119,6	nan
3	MC2X	m	XBJV	f	KIU5	f	80,6	nan	87,3	nan
3	MCAO	f	0PVW	f	9ID0	f	117,9	nan	130,3	nan
3	MCAO	f	9ID0	f	0PVW	f	nan	163,2	nan	177,0
3	MIV4	f	4Z5T	f	C1BJ	m	nan	113,9	nan	132,1
3	MIV4	f	C1BJ	m	4Z5T	f	152,6	nan	196,6	nan
3	MLS0	f	HOLJ	m	RNV5	f	147,2	nan	264,2	nan
3	MLS0	f	RNV5	f	HOLJ	m	nan	73,4	nan	124,1
3	MXT3	m	8YYM	f	54W1	m	101,4	nan	105,8	nan
3	MXT3	m	8YYM	f	URX1	f	nan	74,7	nan	89,4
3	NE43	f	B01W	f	0W85	m	nan	93,4	nan	111,2
3	NE43	f	B01W	f	CV81	m	125,4	nan	130,3	nan
3	NUBL	f	CNRK	f	OELD	m	97,4	nan	133,9	nan
3	NUBL	f	OELD	m	CNRK	f	nan	208,2	nan	206,4
3	NYLS	m	AJT0	f	B1BU	f	nan	108,1	nan	153,0
3	NYLS	m	B1BU	f	AJT0	f	75,6	nan	109,0	nan
3	OELD	m	CNRK	f	NUBL	f	nan	97,4	nan	114,7
3	OELD	m	NUBL	f	CNRK	f	78,7	nan	101,4	nan
3	OW8O	f	Q80H	m	ESW0	f	158,8	nan	211,7	nan
3	OW8O	f	Q80H	m	R19W	m	nan	154,3	nan	228,6
3	P2TB	m	DPOA	m	GX1C	m	135,2	nan	153,0	nan
3	P2TB	m	GX1C	m	DPOA	m	nan	186,4	nan	344,3
3	PBAN	f	6QVB	f	L07I	f	99,2	nan	119,2	nan
3	PBAN	f	G5QJ	f	6QVB	f	nan	115,6	nan	133,8
3	PIGD	m	QDH7	m	2BW9	f	158,3	nan	204,6	nan
3	PIGD	m	W7B5	f	QDH7	m	nan	89,4	nan	99,2
3	Q1CO	f	96H6	f	UQO6	f	94,3	nan	137,0	nan
3	Q1CO	f	UQO6	f	96H6	f	nan	109,0	nan	130,8
3	Q80H	m	ESW0	f	R19W	m	138,3	nan	121,9	nan
3	Q80H	m	R19W	m	ESW0	f	nan	181,9	nan	208,2
3	QDH7	m	2BW9	f	PIGD	m	nan	106,3	nan	138,3
3	QDH7	m	2BW9	f	W7B5	f	106,3	nan	129,4	nan
3	QUVC	f	D63N	m	FOEB	m	156,1	nan	248,2	nan
3	QUVC	f	FOEB	m	71G1	m	nan	179,3	nan	249,2
3	R19W	m	ESW0	f	OW8O	f	nan	152,1	nan	102,7
3	R19W	m	OW8O	f	Q80H	m	114,7	nan	144,5	nan
3	RNV5	f	DM6E	f	MLS0	f	141,0	nan	120,5	nan
3	RNV5	f	HOLJ	m	DM6E	f	nan	151,2	nan	230,0
3	SBJ4	f	MC2X	m	XBJV	f	164,5	nan	180,2	nan
3	SBL6	f	7IJJ	f	2AI2	m	115,6	nan	130,3	nan
3	SBL6	f	7IJJ	f	C9OV	m	nan	100,5	nan	118,3
3	STFF	f	ET9A	f	SYLZ	f	91,6	nan	105,0	nan
3	STFF	f	SYLZ	f	ET9A	f	nan	99,6	nan	128,1
3	SYLZ	f	ET9A	f	STFF	f	nan	100,9	nan	124,5
3	SYLZ	f	STFF	f	ET9A	f	100,9	nan	130,8	nan
3	U24Z	f	C0YZ	m	7847	f	nan	133,9	nan	182,4
3	U24Z	f	GONF	f	C0YZ	m	82,3	nan	132,1	nan
3	UQO6	f	96H6	f	Q1CO	f	nan	97,4	nan	127,2
3	UQO6	f	Q1CO	f	96H6	f	109,8	nan	144,1	nan
3	URX1	f	54W1	m	MXT3	m	nan	158,3	nan	239,8
3	URX1	f	MXT3	m	8YYM	f	153,0	nan	229,1	nan
3	UY8N	m	03Q1	m	XKHX	f	162,8	nan	166,4	nan
3	UY8N	m	XKHX	f	03Q1	m	nan	100,1	nan	133,0
3	VOFU	m	2ABW	f	FV50	m	96,1	nan	121,9	nan
3	VOFU	m	FV50	m	2ABW	f	nan	214,8	nan	250,0
3	W7B5	f	PIGD	m	QDH7	m	167,2	nan	214,8	nan
3	W7B5	f	QDH7	m	2BW9	f	nan	221,1	nan	331,0
3	WYMH	f	DQDJ	m	8LNG	m	204,5	nan	200,4	nan
3	XBJV	f	KIU5	f	SBJ4	f	126,3	nan	147,0	nan
3	XKHX	f	03Q1	m	UY8N	m	nan	162,3	nan	161,9
3	XKHX	f	UY8N	m	03Q1	m	220,6	nan	304,7	nan
3	XO3D	m	9OIM	f	E8FP	m	105,8	nan	112,5	nan
3	XO3D	m	E8FP	m	9OIM	f	nan	155,4	nan	180,0
3	YX6H	f	HURM	m	I22H	f	199,0	nan	197,0	nan
3	YX6H	f	I22H	f	HURM	m	nan	110,0	nan	131,0
3	ZQBM	m	FDHE	m	9MJ0	f	157,0	nan	161,5	nan
3	ZQBM	m	FDHE	m	J8KP	f	nan	154,3	nan	171,7
