Pairing	Group	Cycle	Tester	Testee	Logger	Test_Order	Test_Direction	Value	Test_Repetition	Tester_Gender	Testee_Gender	Logger_Gender
Pairing 1	V7	1	71G1	QUVC	D63N	1	external	138,8	1	m	f	m
Pairing 1	V7	1	71G1	QUVC	D63N	2	internal	176,6	1	m	f	m
Pairing 1	V7	2	QUVC	D63N	FOEB	1	internal	236,6	1	f	m	m
Pairing 1	V7	2	QUVC	D63N	FOEB	2	external	173,5	1	f	m	m
Pairing 1	V7	3	D63N	FOEB	71G1	1	internal	293,6	1	m	m	m
Pairing 1	V7	3	D63N	FOEB	71G1	2	external	165,0	1	m	m	m
Pairing 1	V7	4	FOEB	71G1	QUVC	1	external	174,5	1	m	m	f
Pairing 1	V7	4	FOEB	71G1	QUVC	2	internal	274,9	1	m	m	f
Pairing 1	V7	5	71G1	QUVC	D63N	1	external	148,1	2	m	f	m
Pairing 1	V7	5	71G1	QUVC	D63N	2	internal	153,0	2	m	f	m
Pairing 1	V7	6	QUVC	D63N	FOEB	1	internal	261,1	2	f	m	m
Pairing 1	V7	6	QUVC	D63N	FOEB	2	external	151,2	2	f	m	m
Pairing 1	V7	7	D63N	FOEB	71G1	1	external	141,0	2	m	m	m
Pairing 1	V7	7	D63N	FOEB	71G1	2	internal	223,2	2	m	m	m
Pairing 1	V7	8	FOEB	71G1	QUVC	1	internal	249,6	2	m	m	f
Pairing 1	V7	8	FOEB	71G1	QUVC	2	external	166,8	2	m	m	f
Pairing 1	V7	9	71G1	QUVC	D63N	1	internal	169,9	3	m	f	m
Pairing 1	V7	9	71G1	QUVC	D63N	2	external	118,7	3	m	f	m
Pairing 1	V7	10	QUVC	D63N	FOEB	1	external	156,1	3	f	m	m
Pairing 1	V7	10	QUVC	D63N	FOEB	2	internal	248,2	3	f	m	m
Pairing 1	V7	11	D63N	FOEB	71G1	1	external	156,1	3	m	m	m
Pairing 1	V7	11	D63N	FOEB	71G1	2	internal	240,7	3	m	m	m
Pairing 1	V7	12	FOEB	71G1	QUVC	1	external	165,0	3	m	m	f
Pairing 1	V7	12	FOEB	71G1	QUVC	2	internal	233,5	3	m	m	f
Pairing 2	V7	1	71G1	D63N	QUVC	1	internal	235,8	1	m	m	f
Pairing 2	V7	1	71G1	D63N	QUVC	2	external	142,8	1	m	m	f
Pairing 2	V7	2	D63N	QUVC	FOEB	1	external	119,6	1	m	f	m
Pairing 2	V7	2	D63N	QUVC	FOEB	2	internal	148,6	1	m	f	m
Pairing 2	V7	3	QUVC	FOEB	71G1	1	internal	251,3	1	f	m	m
Pairing 2	V7	3	QUVC	FOEB	71G1	2	external	161,0	1	f	m	m
Pairing 2	V7	4	FOEB	71G1	D63N	1	external	147,8	1	m	m	m
Pairing 2	V7	4	FOEB	71G1	D63N	2	internal	249,6	1	m	m	m
Pairing 2	V7	5	71G1	D63N	QUVC	1	external	148,6	2	m	m	f
Pairing 2	V7	5	71G1	D63N	QUVC	2	internal	234,9	2	m	m	f
Pairing 2	V7	6	D63N	QUVC	FOEB	1	external	94,7	2	m	f	m
Pairing 2	V7	6	D63N	QUVC	FOEB	2	internal	148,6	2	m	f	m
Pairing 2	V7	7	QUVC	FOEB	71G1	1	internal	247,3	2	f	m	m
Pairing 2	V7	7	QUVC	FOEB	71G1	2	external	191,7	2	f	m	m
Pairing 2	V7	8	FOEB	71G1	D63N	1	internal	253,6	2	m	m	m
Pairing 2	V7	8	FOEB	71G1	D63N	2	external	173,5	2	m	m	m
Pairing 2	V7	9	71G1	D63N	QUVC	1	external	173,0	3	m	m	f
Pairing 2	V7	9	71G1	D63N	QUVC	2	internal	231,8	3	m	m	f
Pairing 2	V7	10	D63N	QUVC	FOEB	1	internal	157,9	3	m	f	m
Pairing 2	V7	10	D63N	QUVC	FOEB	2	external	105,9	3	m	f	m
Pairing 2	V7	11	QUVC	FOEB	71G1	1	external	179,3	3	f	m	m
Pairing 2	V7	11	QUVC	FOEB	71G1	2	internal	249,2	3	f	m	m
Pairing 2	V7	12	FOEB	71G1	D63N	1	internal	289,6	3	m	m	m
Pairing 2	V7	12	FOEB	71G1	D63N	2	external	180,6	3	m	m	m
Pairing 1	V7	1	7847	U24Z	GONF	1	external	168,6	1	f	f	f
Pairing 1	V7	1	7847	U24Z	GONF	2	internal	173,0	1	f	f	f
Pairing 1	V7	2	U24Z	GONF	C0YZ	1	internal	139,7	1	f	f	m
Pairing 1	V7	2	U24Z	GONF	C0YZ	2	external	82,7	1	f	f	m
Pairing 1	V7	3	GONF	C0YZ	7847	1	internal	142,3	1	f	m	f
Pairing 1	V7	3	GONF	C0YZ	7847	2	external	166,4	1	f	m	f
Pairing 1	V7	4	C0YZ	7847	U24Z	1	external	144,1	1	m	f	f
Pairing 1	V7	4	C0YZ	7847	U24Z	2	internal	173,0	1	m	f	f
Pairing 1	V7	5	7847	U24Z	GONF	1	internal	132,1	2	f	f	f
Pairing 1	V7	5	7847	U24Z	GONF	2	external	119,6	2	f	f	f
Pairing 1	V7	6	U24Z	GONF	C0YZ	1	external	84,5	2	f	f	m
Pairing 1	V7	6	U24Z	GONF	C0YZ	2	internal	107,6	2	f	f	m
Pairing 1	V7	7	GONF	C0YZ	7847	1	external	161,5	2	f	m	f
Pairing 1	V7	7	GONF	C0YZ	7847	2	internal	222,9	2	f	m	f
Pairing 1	V7	8	C0YZ	7847	U24Z	1	internal	197,9	2	m	f	f
Pairing 1	V7	8	C0YZ	7847	U24Z	2	external	154,8	2	m	f	f
Pairing 1	V7	9	7847	U24Z	GONF	1	external	119,2	3	f	f	f
Pairing 1	V7	9	7847	U24Z	GONF	2	internal	133,9	3	f	f	f
Pairing 1	V7	10	U24Z	GONF	C0YZ	1	external	82,3	3	f	f	m
Pairing 1	V7	10	U24Z	GONF	C0YZ	2	internal	132,1	3	f	f	m
Pairing 1	V7	11	GONF	C0YZ	7847	1	external	142,8	3	f	m	f
Pairing 1	V7	11	GONF	C0YZ	7847	2	internal	176,6	3	f	m	f
Pairing 1	V7	12	C0YZ	7847	U24Z	1	internal	183,3	3	m	f	f
Pairing 1	V7	12	C0YZ	7847	U24Z	2	external	137,9	3	m	f	f
Pairing 2	V7	1	7847	GONF	U24Z	1	internal	162,3	1	f	f	f
Pairing 2	V7	1	7847	GONF	U24Z	2	external	117,9	1	f	f	f
Pairing 2	V7	2	GONF	U24Z	C0YZ	1	internal	130,8	1	f	f	m
Pairing 2	V7	2	GONF	U24Z	C0YZ	2	external	129,4	1	f	f	m
Pairing 2	V7	3	U24Z	C0YZ	7847	1	internal	170,5	1	f	m	f
Pairing 2	V7	3	U24Z	C0YZ	7847	2	external	134,3	1	f	m	f
Pairing 2	V7	4	C0YZ	7847	GONF	1	internal	178,4	1	m	f	f
Pairing 2	V7	4	C0YZ	7847	GONF	2	external	137,4	1	m	f	f
Pairing 2	V7	5	7847	GONF	U24Z	1	internal	146,3	2	f	f	f
Pairing 2	V7	5	7847	GONF	U24Z	2	external	136,1	2	f	f	f
Pairing 2	V7	6	GONF	U24Z	C0YZ	1	internal	145,0	2	f	f	m
Pairing 2	V7	6	GONF	U24Z	C0YZ	2	external	129,4	2	f	f	m
Pairing 2	V7	7	U24Z	C0YZ	7847	1	internal	236,6	2	f	m	f
Pairing 2	V7	7	U24Z	C0YZ	7847	2	external	163,7	2	f	m	f
Pairing 2	V7	8	C0YZ	7847	GONF	1	external	168,1	2	m	f	f
Pairing 2	V7	8	C0YZ	7847	GONF	2	internal	166,4	2	m	f	f
Pairing 2	V7	9	7847	GONF	U24Z	1	internal	133,4	3	f	f	f
Pairing 2	V7	9	7847	GONF	U24Z	2	external	82,3	3	f	f	f
Pairing 2	V7	10	GONF	U24Z	C0YZ	1	external	153,9	3	f	f	m
Pairing 2	V7	10	GONF	U24Z	C0YZ	2	internal	148,1	3	f	f	m
Pairing 2	V7	11	U24Z	C0YZ	7847	1	external	133,9	3	f	m	f
Pairing 2	V7	11	U24Z	C0YZ	7847	2	internal	182,4	3	f	m	f
Pairing 2	V7	12	C0YZ	7847	GONF	1	internal	176,1	3	m	f	f
Pairing 2	V7	12	C0YZ	7847	GONF	2	external	138,3	3	m	f	f
Pairing 1	V7	1	IWEV	C9QY	0G2E	1	internal	83,6	1	m	f	f
Pairing 1	V7	1	IWEV	C9QY	0G2E	2	external	85,4	1	m	f	f
Pairing 1	V7	2	C9QY	0G2E	GWZ3	1	external	125,9	1	f	f	f
Pairing 1	V7	2	C9QY	0G2E	GWZ3	2	internal	160,6	1	f	f	f
Pairing 1	V7	3	0G2E	GWZ3	IWEV	1	external	123,0	1	f	f	m
Pairing 1	V7	3	0G2E	GWZ3	IWEV	2	internal	148,0	1	f	f	m
Pairing 1	V7	4	GWZ3	IWEV	C9QY	1	internal	149,9	1	f	m	f
Pairing 1	V7	4	GWZ3	IWEV	C9QY	2	external	127,2	1	f	m	f
Pairing 1	V7	5	IWEV	C9QY	0G2E	1	internal	133,4	2	m	f	f
Pairing 1	V7	5	IWEV	C9QY	0G2E	2	external	87,6	2	m	f	f
Pairing 1	V7	6	C9QY	0G2E	GWZ3	1	external	110,3	2	f	f	f
Pairing 1	V7	6	C9QY	0G2E	GWZ3	2	internal	177,0	2	f	f	f
Pairing 1	V7	7	0G2E	GWZ3	IWEV	1	internal	138,3	2	f	f	m
Pairing 1	V7	7	0G2E	GWZ3	IWEV	2	external	113,9	2	f	f	m
Pairing 1	V7	8	GWZ3	IWEV	C9QY	1	internal	149,0	2	f	m	f
Pairing 1	V7	8	GWZ3	IWEV	C9QY	2	external	146,3	2	f	m	f
Pairing 1	V7	9	IWEV	C9QY	0G2E	1	internal	103,6	3	m	f	f
Pairing 1	V7	9	IWEV	C9QY	0G2E	2	external	83,2	3	m	f	f
Pairing 1	V7	10	C9QY	0G2E	GWZ3	1	internal	111,2	3	f	f	f
Pairing 1	V7	10	C9QY	0G2E	GWZ3	2	external	128,5	3	f	f	f
Pairing 1	V7	11	0G2E	GWZ3	IWEV	1	external	104,1	3	f	f	m
Pairing 1	V7	11	0G2E	GWZ3	IWEV	2	internal	145,9	3	f	f	m
Pairing 1	V7	12	GWZ3	IWEV	C9QY	1	internal	170,4	3	f	m	f
Pairing 1	V7	12	GWZ3	IWEV	C9QY	2	external	147,2	3	f	m	f
Pairing 2	V7	1	IWEV	0G2E	C9QY	1	internal	109,8	1	m	f	f
Pairing 2	V7	1	IWEV	0G2E	C9QY	2	external	131,3	1	m	f	f
Pairing 2	V7	2	0G2E	C9QY	GWZ3	1	internal	118,3	1	f	f	f
Pairing 2	V7	2	0G2E	C9QY	GWZ3	2	external	78,7	1	f	f	f
Pairing 2	V7	3	C9QY	GWZ3	IWEV	1	internal	131,2	1	f	f	m
Pairing 2	V7	3	C9QY	GWZ3	IWEV	2	external	127,6	1	f	f	m
Pairing 2	V7	4	GWZ3	IWEV	0G2E	1	external	133,0	1	f	m	f
Pairing 2	V7	4	GWZ3	IWEV	0G2E	2	internal	196,0	1	f	m	f
Pairing 2	V7	5	IWEV	0G2E	C9QY	1	external	107,2	2	m	f	f
Pairing 2	V7	5	IWEV	0G2E	C9QY	2	internal	102,7	2	m	f	f
Pairing 2	V7	6	0G2E	C9QY	GWZ3	1	external	93,8	2	f	f	f
Pairing 2	V7	6	0G2E	C9QY	GWZ3	2	internal	118,7	2	f	f	f
Pairing 2	V7	7	C9QY	GWZ3	IWEV	1	internal	147,2	2	f	f	m
Pairing 2	V7	7	C9QY	GWZ3	IWEV	2	external	142,8	2	f	f	m
Pairing 2	V7	8	GWZ3	IWEV	0G2E	1	internal	181,0	2	f	m	f
Pairing 2	V7	8	GWZ3	IWEV	0G2E	2	external	165,0	2	f	m	f
Pairing 2	V7	9	IWEV	0G2E	C9QY	1	external	128,5	3	m	f	f
Pairing 2	V7	9	IWEV	0G2E	C9QY	2	internal	100,9	3	m	f	f
Pairing 2	V7	10	0G2E	C9QY	GWZ3	1	external	97,4	3	f	f	f
Pairing 2	V7	10	0G2E	C9QY	GWZ3	2	internal	122,7	3	f	f	f
Pairing 2	V7	11	C9QY	GWZ3	IWEV	1	external	116,5	3	f	f	m
Pairing 2	V7	11	C9QY	GWZ3	IWEV	2	internal	146,8	3	f	f	m
Pairing 2	V7	12	GWZ3	IWEV	0G2E	1	internal	173,5	3	f	m	f
Pairing 2	V7	12	GWZ3	IWEV	0G2E	2	external	152,6	3	f	m	f
Pairing 1	V7	1	8YYM	54W1	URX1	1	internal	195,3	1	f	m	f
Pairing 1	V7	1	8YYM	54W1	URX1	2	external	175,2	1	f	m	f
Pairing 1	V7	2	54W1	URX1	MXT3	1	internal	137,9	1	m	f	m
Pairing 1	V7	2	54W1	URX1	MXT3	2	external	84,0	1	m	f	m
Pairing 1	V7	3	URX1	MXT3	8YYM	1	internal	200,6	1	f	m	f
Pairing 1	V7	3	URX1	MXT3	8YYM	2	external	153,0	1	f	m	f
Pairing 1	V7	4	MXT3	8YYM	54W1	1	external	86,7	1	m	f	m
Pairing 1	V7	4	MXT3	8YYM	54W1	2	internal	93,4	1	m	f	m
Pairing 1	V7	5	8YYM	54W1	URX1	1	internal	229,5	2	f	m	f
Pairing 1	V7	5	8YYM	54W1	URX1	2	external	194,4	2	f	m	f
Pairing 1	V7	6	54W1	URX1	MXT3	1	internal	130,3	2	m	f	m
Pairing 1	V7	6	54W1	URX1	MXT3	2	external	82,7	2	m	f	m
Pairing 1	V7	7	URX1	MXT3	8YYM	1	internal	230,0	2	f	m	f
Pairing 1	V7	7	URX1	MXT3	8YYM	2	external	148,6	2	f	m	f
Pairing 1	V7	8	MXT3	8YYM	54W1	1	external	77,4	2	m	f	m
Pairing 1	V7	8	MXT3	8YYM	54W1	2	internal	109,8	2	m	f	m
Pairing 1	V7	9	8YYM	54W1	URX1	1	internal	213,1	3	f	m	f
Pairing 1	V7	9	8YYM	54W1	URX1	2	external	184,6	3	f	m	f
Pairing 1	V7	10	54W1	URX1	MXT3	1	internal	165,5	3	m	f	m
Pairing 1	V7	10	54W1	URX1	MXT3	2	external	94,3	3	m	f	m
Pairing 1	V7	11	URX1	MXT3	8YYM	1	external	153,0	3	f	m	f
Pairing 1	V7	11	URX1	MXT3	8YYM	2	internal	229,1	3	f	m	f
Pairing 1	V7	12	MXT3	8YYM	54W1	1	internal	105,8	3	m	f	m
Pairing 1	V7	12	MXT3	8YYM	54W1	2	external	101,4	3	m	f	m
Pairing 2	V7	1	8YYM	URX1	54W1	1	internal	144,1	1	f	f	m
Pairing 2	V7	1	8YYM	URX1	54W1	2	external	96,9	1	f	f	m
Pairing 2	V7	2	URX1	54W1	MXT3	1	external	209,5	1	f	m	m
Pairing 2	V7	2	URX1	54W1	MXT3	2	internal	200,2	1	f	m	m
Pairing 2	V7	3	54W1	MXT3	8YYM	1	external	161,5	1	m	m	f
Pairing 2	V7	3	54W1	MXT3	8YYM	2	internal	209,1	1	m	m	f
Pairing 2	V7	4	MXT3	8YYM	URX1	1	external	90,3	1	m	f	f
Pairing 2	V7	4	MXT3	8YYM	URX1	2	internal	100,9	1	m	f	f
Pairing 2	V7	5	8YYM	URX1	54W1	1	internal	121,0	2	f	f	m
Pairing 2	V7	5	8YYM	URX1	54W1	2	external	83,2	2	f	f	m
Pairing 2	V7	6	URX1	54W1	MXT3	1	internal	159,2	2	f	m	m
Pairing 2	V7	6	URX1	54W1	MXT3	2	external	173,0	2	f	m	m
Pairing 2	V7	7	54W1	MXT3	8YYM	1	internal	222,4	2	m	m	f
Pairing 2	V7	7	54W1	MXT3	8YYM	2	external	136,1	2	m	m	f
Pairing 2	V7	8	MXT3	8YYM	URX1	1	internal	93,4	2	m	f	f
Pairing 2	V7	8	MXT3	8YYM	URX1	2	external	100,9	2	m	f	f
Pairing 2	V7	9	8YYM	URX1	54W1	1	internal	148,6	3	f	f	m
Pairing 2	V7	9	8YYM	URX1	54W1	2	external	105,8	3	f	f	m
Pairing 2	V7	10	URX1	54W1	MXT3	1	external	158,3	3	f	m	m
Pairing 2	V7	10	URX1	54W1	MXT3	2	internal	239,8	3	f	m	m
Pairing 2	V7	11	54W1	MXT3	8YYM	1	internal	227,8	3	m	m	f
Pairing 2	V7	11	54W1	MXT3	8YYM	2	external	129,4	3	m	m	f
Pairing 2	V7	12	MXT3	8YYM	URX1	1	external	74,7	3	m	f	f
Pairing 2	V7	12	MXT3	8YYM	URX1	2	internal	89,4	3	m	f	f
Pairing 1	8J	1	NUBL	CNRK	OELD	1	internal	137,4	1	f	f	m
Pairing 1	8J	1	NUBL	CNRK	OELD	2	external	111,6	1	f	f	m
Pairing 1	8J	2	CNRK	OELD	NUBL	1	internal	273,4	1	f	m	f
Pairing 1	8J	2	CNRK	OELD	NUBL	2	external	198,4	1	f	m	f
Pairing 1	8J	3	OELD	NUBL	CNRK	1	internal	102,7	1	m	f	f
Pairing 1	8J	3	OELD	NUBL	CNRK	2	external	88,9	1	m	f	f
Pairing 1	8J	4	NUBL	CNRK	OELD	1	external	101,8	2	f	f	m
Pairing 1	8J	4	NUBL	CNRK	OELD	2	internal	131,2	2	f	f	m
Pairing 1	8J	5	CNRK	OELD	NUBL	1	external	220,6	2	f	m	f
Pairing 1	8J	5	CNRK	OELD	NUBL	2	internal	267,8	2	f	m	f
Pairing 1	8J	6	OELD	NUBL	CNRK	1	internal	96,9	2	m	f	f
Pairing 1	8J	6	OELD	NUBL	CNRK	2	external	91,2	2	m	f	f
Pairing 1	8J	7	NUBL	CNRK	OELD	1	external	97,4	3	f	f	m
Pairing 1	8J	7	NUBL	CNRK	OELD	2	internal	133,9	3	f	f	m
Pairing 1	8J	8	CNRK	OELD	NUBL	1	internal	240,2	3	f	m	f
Pairing 1	8J	8	CNRK	OELD	NUBL	2	external	238,0	3	f	m	f
Pairing 1	8J	9	OELD	NUBL	CNRK	1	external	78,7	3	m	f	f
Pairing 1	8J	9	OELD	NUBL	CNRK	2	internal	101,4	3	m	f	f
Pairing 2	8J	1	NUBL	OELD	CNRK	1	external	206,4	1	f	m	f
Pairing 2	8J	1	NUBL	OELD	CNRK	2	internal	211,3	1	f	m	f
Pairing 2	8J	2	OELD	CNRK	NUBL	1	internal	118,3	1	m	f	f
Pairing 2	8J	2	OELD	CNRK	NUBL	2	external	105,4	1	m	f	f
Pairing 2	8J	3	CNRK	NUBL	OELD	1	internal	110,7	1	f	f	m
Pairing 2	8J	3	CNRK	NUBL	OELD	2	external	90,3	1	f	f	m
Pairing 2	8J	4	NUBL	OELD	CNRK	1	external	207,7	2	f	m	f
Pairing 2	8J	4	NUBL	OELD	CNRK	2	internal	196,2	2	f	m	f
Pairing 2	8J	5	OELD	CNRK	NUBL	1	internal	150,3	2	m	f	f
Pairing 2	8J	5	OELD	CNRK	NUBL	2	external	101,8	2	m	f	f
Pairing 2	8J	6	CNRK	NUBL	OELD	1	internal	88,5	2	f	f	m
Pairing 2	8J	6	CNRK	NUBL	OELD	2	external	74,7	2	f	f	m
Pairing 2	8J	7	NUBL	OELD	CNRK	1	external	208,2	3	f	m	f
Pairing 2	8J	7	NUBL	OELD	CNRK	2	internal	206,4	3	f	m	f
Pairing 2	8J	8	OELD	CNRK	NUBL	1	internal	114,7	3	m	f	f
Pairing 2	8J	8	OELD	CNRK	NUBL	2	external	97,4	3	m	f	f
Pairing 2	8J	9	CNRK	NUBL	OELD	1	external	73,8	3	f	f	m
Pairing 2	8J	9	CNRK	NUBL	OELD	2	internal	114,3	3	f	f	m
Pairing 1	8J	1	4Z5T	MIV4	C1BJ	1	external	107,2	1	f	f	m
Pairing 1	8J	1	4Z5T	MIV4	C1BJ	2	internal	132,5	1	f	f	m
Pairing 1	8J	2	MIV4	C1BJ	4Z5T	1	external	163,7	1	f	m	f
Pairing 1	8J	2	MIV4	C1BJ	4Z5T	2	internal	173,2	1	f	m	f
Pairing 1	8J	3	C1BJ	4Z5T	MIV4	1	internal	154,3	1	m	f	f
Pairing 1	8J	3	C1BJ	4Z5T	MIV4	2	external	117,0	1	m	f	f
Pairing 1	8J	4	4Z5T	MIV4	C1BJ	1	external	95,2	2	f	f	m
Pairing 1	8J	4	4Z5T	MIV4	C1BJ	2	internal	146,8	2	f	f	m
Pairing 1	8J	5	MIV4	C1BJ	4Z5T	1	external	167,2	2	f	m	f
Pairing 1	8J	5	MIV4	C1BJ	4Z5T	2	internal	183,3	2	f	m	f
Pairing 1	8J	6	C1BJ	4Z5T	MIV4	1	internal	151,7	2	m	f	f
Pairing 1	8J	6	C1BJ	4Z5T	MIV4	2	external	131,2	2	m	f	f
Pairing 1	8J	7	4Z5T	MIV4	C1BJ	1	external	95,2	3	f	f	m
Pairing 1	8J	7	4Z5T	MIV4	C1BJ	2	internal	111,6	3	f	f	m
Pairing 1	8J	8	MIV4	C1BJ	4Z5T	1	external	152,6	3	f	m	f
Pairing 1	8J	8	MIV4	C1BJ	4Z5T	2	internal	196,6	3	f	m	f
Pairing 1	8J	9	C1BJ	4Z5T	MIV4	1	external	123,2	3	m	f	f
Pairing 1	8J	9	C1BJ	4Z5T	MIV4	2	internal	146,3	3	m	f	f
Pairing 2	8J	1	4Z5T	C1BJ	MIV4	1	external	158,8	1	f	m	f
Pairing 2	8J	1	4Z5T	C1BJ	MIV4	2	internal	198,8	1	f	m	f
Pairing 2	8J	2	C1BJ	MIV4	4Z5T	1	external	95,2	1	m	f	f
Pairing 2	8J	2	C1BJ	MIV4	4Z5T	2	internal	97,4	1	m	f	f
Pairing 2	8J	3	MIV4	4Z5T	C1BJ	1	external	136,5	1	f	f	m
Pairing 2	8J	3	MIV4	4Z5T	C1BJ	2	internal	124,1	1	f	f	m
Pairing 2	8J	4	4Z5T	C1BJ	MIV4	1	external	162,3	2	f	m	f
Pairing 2	8J	4	4Z5T	C1BJ	MIV4	2	internal	206,4	2	f	m	f
Pairing 2	8J	5	C1BJ	MIV4	4Z5T	1	external	89,6	2	m	f	f
Pairing 2	8J	5	C1BJ	MIV4	4Z5T	2	internal	98,7	2	m	f	f
Pairing 2	8J	6	MIV4	4Z5T	C1BJ	1	internal	134,8	2	f	f	m
Pairing 2	8J	6	MIV4	4Z5T	C1BJ	2	external	138,3	2	f	f	m
Pairing 2	8J	7	4Z5T	C1BJ	MIV4	1	internal	187,3	3	f	m	f
Pairing 2	8J	7	4Z5T	C1BJ	MIV4	2	external	152,1	3	f	m	f
Pairing 2	8J	8	C1BJ	MIV4	4Z5T	1	external	83,6	3	m	f	f
Pairing 2	8J	8	C1BJ	MIV4	4Z5T	2	internal	115,2	3	m	f	f
Pairing 2	8J	9	MIV4	4Z5T	C1BJ	1	external	113,9	3	f	f	m
Pairing 2	8J	9	MIV4	4Z5T	C1BJ	2	internal	132,1	3	f	f	m
Pairing 1	8J	1	FV50	VOFU	2ABW	1	internal	220,2	1	m	m	f
Pairing 1	8J	1	FV50	VOFU	2ABW	2	external	169,5	1	m	m	f
Pairing 1	8J	2	VOFU	2ABW	FV50	1	external	97,4	1	m	f	m
Pairing 1	8J	2	VOFU	2ABW	FV50	2	internal	118,7	1	m	f	m
Pairing 1	8J	3	2ABW	FV50	VOFU	1	internal	192,2	1	f	m	m
Pairing 1	8J	3	2ABW	FV50	VOFU	2	external	140,1	1	f	m	m
Pairing 1	8J	4	FV50	VOFU	2ABW	1	external	207,7	2	m	m	f
Pairing 1	8J	4	FV50	VOFU	2ABW	2	internal	269,6	2	m	m	f
Pairing 1	8J	5	VOFU	2ABW	FV50	1	external	102,3	2	m	f	m
Pairing 1	8J	5	VOFU	2ABW	FV50	2	internal	121,4	2	m	f	m
Pairing 1	8J	6	2ABW	FV50	VOFU	1	external	135,2	2	f	m	m
Pairing 1	8J	6	2ABW	FV50	VOFU	2	internal	158,3	2	f	m	m
Pairing 1	8J	7	FV50	VOFU	2ABW	1	internal	225,5	3	m	m	f
Pairing 1	8J	7	FV50	VOFU	2ABW	2	external	172,6	3	m	m	f
Pairing 1	8J	8	VOFU	2ABW	FV50	1	internal	121,9	3	m	f	m
Pairing 1	8J	8	VOFU	2ABW	FV50	2	external	96,1	3	m	f	m
Pairing 1	8J	9	2ABW	FV50	VOFU	1	external	169,1	3	f	m	m
Pairing 1	8J	9	2ABW	FV50	VOFU	2	internal	251,8	3	f	m	m
Pairing 2	8J	1	FV50	2ABW	VOFU	1	internal	94,3	1	m	f	m
Pairing 2	8J	1	FV50	2ABW	VOFU	2	external	98,3	1	m	f	m
Pairing 2	8J	2	2ABW	VOFU	FV50	1	internal	186,4	1	f	m	m
Pairing 2	8J	2	2ABW	VOFU	FV50	2	external	185,5	1	f	m	m
Pairing 2	8J	3	VOFU	FV50	2ABW	1	internal	203,3	1	m	m	f
Pairing 2	8J	3	VOFU	FV50	2ABW	2	external	146,3	1	m	m	f
Pairing 2	8J	4	FV50	2ABW	VOFU	1	internal	115,6	2	m	f	m
Pairing 2	8J	4	FV50	2ABW	VOFU	2	external	102,7	2	m	f	m
Pairing 2	8J	5	2ABW	VOFU	FV50	1	internal	249,6	2	f	m	m
Pairing 2	8J	5	2ABW	VOFU	FV50	2	external	184,6	2	f	m	m
Pairing 2	8J	6	VOFU	FV50	2ABW	1	internal	218,4	2	m	m	f
Pairing 2	8J	6	VOFU	FV50	2ABW	2	external	149,9	2	m	m	f
Pairing 2	8J	7	FV50	2ABW	VOFU	1	external	104,3	3	m	f	m
Pairing 2	8J	7	FV50	2ABW	VOFU	2	internal	117,0	3	m	f	m
Pairing 2	8J	8	2ABW	VOFU	FV50	1	external	155,7	3	f	m	m
Pairing 2	8J	8	2ABW	VOFU	FV50	2	internal	251,8	3	f	m	m
Pairing 2	8J	9	VOFU	FV50	2ABW	1	internal	250,0	3	m	m	f
Pairing 2	8J	9	VOFU	FV50	2ABW	2	external	214,8	3	m	m	f
Pairing 1	8J	1	FDHE	9MJ0	J8KP	1	external	111,6	1	m	f	f
Pairing 1	8J	1	FDHE	9MJ0	J8KP	2	internal	127,0	1	m	f	f
Pairing 1	8J	2	9MJ0	J8KP	ZQBM	1	internal	91,2	1	f	f	m
Pairing 1	8J	2	9MJ0	J8KP	ZQBM	2	external	76,9	1	f	f	m
Pairing 1	8J	3	J8KP	ZQBM	FDHE	1	external	141,4	1	f	m	m
Pairing 1	8J	3	J8KP	ZQBM	FDHE	2	internal	122,3	1	f	m	m
Pairing 1	8J	4	ZQBM	FDHE	9MJ0	1	internal	154,8	1	m	m	f
Pairing 1	8J	4	ZQBM	FDHE	9MJ0	2	external	151,2	1	m	m	f
Pairing 1	8J	5	FDHE	9MJ0	J8KP	1	internal	123,6	2	m	f	f
Pairing 1	8J	5	FDHE	9MJ0	J8KP	2	external	97,4	2	m	f	f
Pairing 1	8J	6	9MJ0	J8KP	ZQBM	1	external	70,7	2	f	f	m
Pairing 1	8J	6	9MJ0	J8KP	ZQBM	2	internal	88,5	2	f	f	m
Pairing 1	8J	7	J8KP	ZQBM	FDHE	1	internal	115,2	2	f	m	m
Pairing 1	8J	7	J8KP	ZQBM	FDHE	2	external	137,0	2	f	m	m
Pairing 1	8J	8	ZQBM	FDHE	9MJ0	1	external	164,1	2	m	m	f
Pairing 1	8J	8	ZQBM	FDHE	9MJ0	2	internal	169,9	2	m	m	f
Pairing 1	8J	9	FDHE	9MJ0	J8KP	1	internal	122,7	3	m	f	f
Pairing 1	8J	9	FDHE	9MJ0	J8KP	2	external	101,8	3	m	f	f
Pairing 1	8J	10	9MJ0	J8KP	ZQBM	1	internal	96,5	3	f	f	m
Pairing 1	8J	10	9MJ0	J8KP	ZQBM	2	external	85,4	3	f	f	m
Pairing 1	8J	11	J8KP	ZQBM	FDHE	1	external	134,8	3	f	m	m
Pairing 1	8J	11	J8KP	ZQBM	FDHE	2	internal	131,6	3	f	m	m
Pairing 1	8J	12	ZQBM	FDHE	9MJ0	1	external	157,0	3	m	m	f
Pairing 1	8J	12	ZQBM	FDHE	9MJ0	2	internal	161,5	3	m	m	f
Pairing 2	8J	1	FDHE	J8KP	9MJ0	1	external	72,0	1	m	f	f
Pairing 2	8J	1	FDHE	J8KP	9MJ0	2	internal	93,0	1	m	f	f
Pairing 2	8J	2	J8KP	9MJ0	ZQBM	1	external	99,2	1	f	f	m
Pairing 2	8J	2	J8KP	9MJ0	ZQBM	2	internal	113,0	1	f	f	m
Pairing 2	8J	4	ZQBM	FDHE	J8KP	1	external	149,0	1	m	m	f
Pairing 2	8J	4	ZQBM	FDHE	J8KP	2	internal	171,2	1	m	m	f
Pairing 2	8J	5	FDHE	J8KP	9MJ0	1	external	85,0	2	m	f	f
Pairing 2	8J	5	FDHE	J8KP	9MJ0	2	internal	87,6	2	m	f	f
Pairing 2	8J	6	J8KP	9MJ0	ZQBM	1	internal	122,7	2	f	f	m
Pairing 2	8J	6	J8KP	9MJ0	ZQBM	2	external	91,6	2	f	f	m
Pairing 2	8J	8	ZQBM	FDHE	J8KP	1	internal	162,3	2	m	m	f
Pairing 2	8J	8	ZQBM	FDHE	J8KP	2	external	153,0	2	m	m	f
Pairing 2	8J	9	FDHE	J8KP	9MJ0	1	external	90,3	3	m	f	f
Pairing 2	8J	9	FDHE	J8KP	9MJ0	2	internal	89,8	3	m	f	f
Pairing 2	8J	10	J8KP	9MJ0	ZQBM	1	internal	101,4	3	f	f	m
Pairing 2	8J	10	J8KP	9MJ0	ZQBM	2	external	91,6	3	f	f	m
Pairing 2	8J	12	ZQBM	FDHE	J8KP	1	external	154,3	3	m	m	f
Pairing 2	8J	12	ZQBM	FDHE	J8KP	2	internal	171,7	3	m	m	f
Pairing 1	L3	1	ET9A	SYLZ	STFF	1	external	111,6	1	f	f	f
Pairing 1	L3	1	ET9A	SYLZ	STFF	2	internal	114,3	1	f	f	f
Pairing 1	L3	2	SYLZ	STFF	ET9A	1	internal	117,9	1	f	f	f
Pairing 1	L3	2	SYLZ	STFF	ET9A	2	external	103,6	1	f	f	f
Pairing 1	L3	3	STFF	ET9A	SYLZ	1	external	98,3	1	f	f	f
Pairing 1	L3	3	STFF	ET9A	SYLZ	2	internal	112,5	1	f	f	f
Pairing 1	L3	4	ET9A	SYLZ	STFF	1	internal	116,5	2	f	f	f
Pairing 1	L3	4	ET9A	SYLZ	STFF	2	external	114,3	2	f	f	f
Pairing 1	L3	5	SYLZ	STFF	ET9A	1	external	97,8	2	f	f	f
Pairing 1	L3	5	SYLZ	STFF	ET9A	2	internal	134,8	2	f	f	f
Pairing 1	L3	6	STFF	ET9A	SYLZ	1	internal	119,6	2	f	f	f
Pairing 1	L3	6	STFF	ET9A	SYLZ	2	external	99,2	2	f	f	f
Pairing 1	L3	7	ET9A	SYLZ	STFF	1	internal	124,1	3	f	f	f
Pairing 1	L3	7	ET9A	SYLZ	STFF	2	external	104,1	3	f	f	f
Pairing 1	L3	8	SYLZ	STFF	ET9A	1	external	100,9	3	f	f	f
Pairing 1	L3	8	SYLZ	STFF	ET9A	2	internal	130,8	3	f	f	f
Pairing 1	L3	9	STFF	ET9A	SYLZ	1	internal	105,0	3	f	f	f
Pairing 1	L3	9	STFF	ET9A	SYLZ	2	external	91,6	3	f	f	f
Pairing 2	L3	1	ET9A	STFF	SYLZ	1	internal	143,7	1	f	f	f
Pairing 2	L3	1	ET9A	STFF	SYLZ	2	external	133,4	1	f	f	f
Pairing 2	L3	2	STFF	SYLZ	ET9A	1	internal	128,5	1	f	f	f
Pairing 2	L3	2	STFF	SYLZ	ET9A	2	external	102,7	1	f	f	f
Pairing 2	L3	3	SYLZ	ET9A	STFF	1	external	104,5	1	f	f	f
Pairing 2	L3	3	SYLZ	ET9A	STFF	2	internal	133,4	1	f	f	f
Pairing 2	L3	4	ET9A	STFF	SYLZ	1	internal	145,0	2	f	f	f
Pairing 2	L3	4	ET9A	STFF	SYLZ	2	external	121,9	2	f	f	f
Pairing 2	L3	5	STFF	SYLZ	ET9A	1	internal	109,4	2	f	f	f
Pairing 2	L3	5	STFF	SYLZ	ET9A	2	external	110,7	2	f	f	f
Pairing 2	L3	6	SYLZ	ET9A	STFF	1	internal	128,1	2	f	f	f
Pairing 2	L3	6	SYLZ	ET9A	STFF	2	external	107,6	2	f	f	f
Pairing 2	L3	7	ET9A	STFF	SYLZ	1	internal	134,8	3	f	f	f
Pairing 2	L3	7	ET9A	STFF	SYLZ	2	external	133,0	3	f	f	f
Pairing 2	L3	8	STFF	SYLZ	ET9A	1	external	99,6	3	f	f	f
Pairing 2	L3	8	STFF	SYLZ	ET9A	2	internal	128,1	3	f	f	f
Pairing 2	L3	9	SYLZ	ET9A	STFF	1	external	100,9	3	f	f	f
Pairing 2	L3	9	SYLZ	ET9A	STFF	2	internal	124,5	3	f	f	f
Pairing 1	L3	1	DPOA	GX1C	P2TB	1	external	152,1	1	m	m	m
Pairing 1	L3	1	DPOA	GX1C	P2TB	2	internal	155,2	1	m	m	m
Pairing 1	L3	2	GX1C	P2TB	DPOA	1	internal	80,9	1	m	m	m
Pairing 1	L3	2	GX1C	P2TB	DPOA	2	external	142,3	1	m	m	m
Pairing 1	L3	3	P2TB	DPOA	GX1C	1	internal	231,3	1	m	m	m
Pairing 1	L3	3	P2TB	DPOA	GX1C	2	external	154,8	1	m	m	m
Pairing 1	L3	4	DPOA	GX1C	P2TB	1	internal	157,0	2	m	m	m
Pairing 1	L3	4	DPOA	GX1C	P2TB	2	external	146,3	2	m	m	m
Pairing 1	L3	5	GX1C	P2TB	DPOA	1	external	139,2	2	m	m	m
Pairing 1	L3	5	GX1C	P2TB	DPOA	2	internal	111,2	2	m	m	m
Pairing 1	L3	6	P2TB	DPOA	GX1C	1	external	184,1	2	m	m	m
Pairing 1	L3	6	P2TB	DPOA	GX1C	2	internal	195,3	2	m	m	m
Pairing 1	L3	7	DPOA	GX1C	P2TB	1	external	112,1	3	m	m	m
Pairing 1	L3	7	DPOA	GX1C	P2TB	2	internal	142,3	3	m	m	m
Pairing 1	L3	8	GX1C	P2TB	DPOA	1	internal	87,2	3	m	m	m
Pairing 1	L3	8	GX1C	P2TB	DPOA	2	external	106,7	3	m	m	m
Pairing 1	L3	9	P2TB	DPOA	GX1C	1	external	135,2	3	m	m	m
Pairing 1	L3	9	P2TB	DPOA	GX1C	2	internal	153,0	3	m	m	m
Pairing 2	L3	1	DPOA	P2TB	GX1C	1	external	92,5	1	m	m	m
Pairing 2	L3	1	DPOA	P2TB	GX1C	2	internal	110,3	1	m	m	m
Pairing 2	L3	2	P2TB	GX1C	DPOA	1	internal	180,1	1	m	m	m
Pairing 2	L3	2	P2TB	GX1C	DPOA	2	external	92,1	1	m	m	m
Pairing 2	L3	3	GX1C	DPOA	P2TB	1	internal	134,3	1	m	m	m
Pairing 2	L3	3	GX1C	DPOA	P2TB	2	external	137,0	1	m	m	m
Pairing 2	L3	4	DPOA	P2TB	GX1C	1	external	126,3	2	m	m	m
Pairing 2	L3	4	DPOA	P2TB	GX1C	2	internal	103,2	2	m	m	m
Pairing 2	L3	5	P2TB	GX1C	DPOA	1	internal	184,6	2	m	m	m
Pairing 2	L3	5	P2TB	GX1C	DPOA	2	external	142,3	2	m	m	m
Pairing 2	L3	6	GX1C	DPOA	P2TB	1	internal	110,7	2	m	m	m
Pairing 2	L3	6	GX1C	DPOA	P2TB	2	external	125,0	2	m	m	m
Pairing 2	L3	7	DPOA	P2TB	GX1C	1	external	149,0	3	m	m	m
Pairing 2	L3	7	DPOA	P2TB	GX1C	2	internal	159,2	3	m	m	m
Pairing 2	L3	8	P2TB	GX1C	DPOA	1	external	186,4	3	m	m	m
Pairing 2	L3	8	P2TB	GX1C	DPOA	2	internal	344,3	3	m	m	m
Pairing 2	L3	9	GX1C	DPOA	P2TB	1	internal	188,6	3	m	m	m
Pairing 2	L3	9	GX1C	DPOA	P2TB	2	external	141,9	3	m	m	m
Pairing 1	L3	1	LH1H	IFBB	3DSL	1	external	146,8	1	m	f	f
Pairing 1	L3	1	LH1H	IFBB	3DSL	2	internal	96,5	1	m	f	f
Pairing 1	L3	2	IFBB	3DSL	LH1H	1	internal	170,4	1	f	f	m
Pairing 1	L3	2	IFBB	3DSL	LH1H	2	external	127,6	1	f	f	m
Pairing 1	L3	3	3DSL	LH1H	IFBB	1	internal	173,0	1	f	m	f
Pairing 1	L3	3	3DSL	LH1H	IFBB	2	external	168,1	1	f	m	f
Pairing 1	L3	4	LH1H	IFBB	3DSL	1	external	134,8	2	m	f	f
Pairing 1	L3	4	LH1H	IFBB	3DSL	2	internal	137,9	2	m	f	f
Pairing 1	L3	5	IFBB	3DSL	LH1H	1	external	132,5	2	f	f	m
Pairing 1	L3	5	IFBB	3DSL	LH1H	2	internal	158,3	2	f	f	m
Pairing 1	L3	6	3DSL	LH1H	IFBB	1	external	163,7	2	f	m	f
Pairing 1	L3	6	3DSL	LH1H	IFBB	2	internal	141,9	2	f	m	f
Pairing 1	L3	7	LH1H	IFBB	3DSL	1	internal	119,6	3	m	f	f
Pairing 1	L3	7	LH1H	IFBB	3DSL	2	external	118,3	3	m	f	f
Pairing 1	L3	8	IFBB	3DSL	LH1H	1	external	121,9	3	f	f	m
Pairing 1	L3	8	IFBB	3DSL	LH1H	2	internal	143,2	3	f	f	m
Pairing 1	L3	9	3DSL	LH1H	IFBB	1	internal	127,2	3	f	m	f
Pairing 1	L3	9	3DSL	LH1H	IFBB	2	external	151,2	3	f	m	f
Pairing 2	L3	1	LH1H	3DSL	IFBB	1	external	110,7	1	m	f	f
Pairing 2	L3	1	LH1H	3DSL	IFBB	2	internal	104,1	1	m	f	f
Pairing 2	L3	2	3DSL	IFBB	LH1H	1	external	145,9	1	f	f	m
Pairing 2	L3	2	3DSL	IFBB	LH1H	2	internal	114,7	1	f	f	m
Pairing 2	L3	3	IFBB	LH1H	3DSL	1	external	154,8	1	f	m	f
Pairing 2	L3	3	IFBB	LH1H	3DSL	2	internal	147,2	1	f	m	f
Pairing 2	L3	4	LH1H	3DSL	IFBB	1	internal	167,2	2	m	f	f
Pairing 2	L3	4	LH1H	3DSL	IFBB	2	external	136,1	2	m	f	f
Pairing 2	L3	5	3DSL	IFBB	LH1H	1	internal	137,4	2	f	f	m
Pairing 2	L3	5	3DSL	IFBB	LH1H	2	external	136,5	2	f	f	m
Pairing 2	L3	6	IFBB	LH1H	3DSL	1	external	124,1	2	f	m	f
Pairing 2	L3	6	IFBB	LH1H	3DSL	2	internal	145,0	2	f	m	f
Pairing 2	L3	7	LH1H	3DSL	IFBB	1	internal	173,5	3	m	f	f
Pairing 2	L3	7	LH1H	3DSL	IFBB	2	external	111,2	3	m	f	f
Pairing 2	L3	8	3DSL	IFBB	LH1H	1	external	119,6	3	f	f	m
Pairing 2	L3	8	3DSL	IFBB	LH1H	2	internal	125,4	3	f	f	m
Pairing 2	L3	9	IFBB	LH1H	3DSL	1	internal	134,3	3	f	m	f
Pairing 2	L3	9	IFBB	LH1H	3DSL	2	external	126,8	3	f	m	f
Pairing 1	L3	1	MCAO	0PVW	9ID0	1	external	139,0	1	f	f	f
Pairing 1	L3	1	MCAO	0PVW	9ID0	2	internal	134,3	1	f	f	f
Pairing 1	L3	2	0PVW	9ID0	LB1H	1	internal	185,0	1	f	f	f
Pairing 1	L3	2	0PVW	9ID0	LB1H	2	external	159,2	1	f	f	f
Pairing 1	L3	3	9ID0	LB1H	MCAO	1	internal	126,0	1	f	f	f
Pairing 1	L3	3	9ID0	LB1H	MCAO	2	external	114,0	1	f	f	f
Pairing 1	L3	4	LB1H	MCAO	0PVW	1	external	150,3	1	f	f	f
Pairing 1	L3	4	LB1H	MCAO	0PVW	2	internal	167,7	1	f	f	f
Pairing 1	L3	5	MCAO	0PVW	9ID0	1	internal	130,3	2	f	f	f
Pairing 1	L3	5	MCAO	0PVW	9ID0	2	external	135,7	2	f	f	f
Pairing 1	L3	6	0PVW	9ID0	LB1H	1	external	152,1	2	f	f	f
Pairing 1	L3	6	0PVW	9ID0	LB1H	2	internal	169,9	2	f	f	f
Pairing 1	L3	7	9ID0	LB1H	MCAO	1	external	113,4	2	f	f	f
Pairing 1	L3	7	9ID0	LB1H	MCAO	2	internal	115,2	2	f	f	f
Pairing 1	L3	8	LB1H	MCAO	0PVW	1	internal	173,9	2	f	f	f
Pairing 1	L3	8	LB1H	MCAO	0PVW	2	external	135,2	2	f	f	f
Pairing 1	L3	9	MCAO	0PVW	9ID0	1	external	117,9	3	f	f	f
Pairing 1	L3	9	MCAO	0PVW	9ID0	2	internal	130,3	3	f	f	f
Pairing 1	L3	10	0PVW	9ID0	LB1H	1	external	149,0	3	f	f	f
Pairing 1	L3	10	0PVW	9ID0	LB1H	2	internal	165,9	3	f	f	f
Pairing 1	L3	11	9ID0	LB1H	MCAO	1	external	109,8	3	f	f	f
Pairing 1	L3	11	9ID0	LB1H	MCAO	2	internal	118,7	3	f	f	f
Pairing 1	L3	12	LB1H	MCAO	0PVW	1	internal	153,0	3	f	f	f
Pairing 1	L3	12	LB1H	MCAO	0PVW	2	external	138,8	3	f	f	f
Pairing 2	L3	1	MCAO	9ID0	0PVW	1	internal	179,3	1	f	f	f
Pairing 2	L3	1	MCAO	9ID0	0PVW	2	external	168,6	1	f	f	f
Pairing 2	L3	2	9ID0	0PVW	LB1H	1	internal	135,7	1	f	f	f
Pairing 2	L3	2	9ID0	0PVW	LB1H	2	external	123,6	1	f	f	f
Pairing 2	L3	3	0PVW	LB1H	MCAO	1	internal	121,9	1	f	f	f
Pairing 2	L3	3	0PVW	LB1H	MCAO	2	external	117,9	1	f	f	f
Pairing 2	L3	4	LB1H	MCAO	9ID0	1	internal	150,8	1	f	f	f
Pairing 2	L3	4	LB1H	MCAO	9ID0	2	external	136,1	1	f	f	f
Pairing 2	L3	5	MCAO	9ID0	0PVW	1	internal	180,6	2	f	f	f
Pairing 2	L3	5	MCAO	9ID0	0PVW	2	external	155,7	2	f	f	f
Pairing 2	L3	6	9ID0	0PVW	LB1H	1	internal	130,8	2	f	f	f
Pairing 2	L3	6	9ID0	0PVW	LB1H	2	external	138,3	2	f	f	f
Pairing 2	L3	7	0PVW	LB1H	MCAO	1	internal	122,7	2	f	f	f
Pairing 2	L3	7	0PVW	LB1H	MCAO	2	external	116,1	2	f	f	f
Pairing 2	L3	8	LB1H	MCAO	9ID0	1	external	119,2	2	f	f	f
Pairing 2	L3	8	LB1H	MCAO	9ID0	2	internal	138,3	2	f	f	f
Pairing 2	L3	9	MCAO	9ID0	0PVW	1	internal	177,0	3	f	f	f
Pairing 2	L3	9	MCAO	9ID0	0PVW	2	external	163,2	3	f	f	f
Pairing 2	L3	10	9ID0	0PVW	LB1H	1	external	112,5	3	f	f	f
Pairing 2	L3	10	9ID0	0PVW	LB1H	2	internal	117,4	3	f	f	f
Pairing 2	L3	11	0PVW	LB1H	MCAO	1	external	106,3	3	f	f	f
Pairing 2	L3	11	0PVW	LB1H	MCAO	2	internal	131,6	3	f	f	f
Pairing 2	L3	12	LB1H	MCAO	9ID0	1	internal	153,4	3	f	f	f
Pairing 2	L3	12	LB1H	MCAO	9ID0	2	external	131,6	3	f	f	f
Pairing 1	M1	1	KIU5	SBJ4	MC2X	1	external	104,5	1	f	f	m
Pairing 1	M1	1	KIU5	SBJ4	MC2X	2	internal	141,4	1	f	f	m
Pairing 1	M1	2	SBJ4	MC2X	XBJV	1	internal	173,9	1	f	m	f
Pairing 1	M1	2	SBJ4	MC2X	XBJV	2	external	162,8	1	f	m	f
Pairing 1	M1	3	MC2X	XBJV	KIU5	1	external	74,5	1	m	f	f
Pairing 1	M1	3	MC2X	XBJV	KIU5	2	internal	96,4	1	m	f	f
Pairing 1	M1	4	XBJV	KIU5	SBJ4	1	internal	177,9	1	f	f	f
Pairing 1	M1	4	XBJV	KIU5	SBJ4	2	external	154,8	1	f	f	f
Pairing 1	M1	5	KIU5	SBJ4	MC2X	1	internal	155,7	2	f	f	m
Pairing 1	M1	5	KIU5	SBJ4	MC2X	2	external	99,6	2	f	f	m
Pairing 1	M1	6	SBJ4	MC2X	XBJV	1	external	146,8	2	f	m	f
Pairing 1	M1	6	SBJ4	MC2X	XBJV	2	internal	175,7	2	f	m	f
Pairing 1	M1	7	MC2X	XBJV	KIU5	1	internal	92,3	2	m	f	f
Pairing 1	M1	7	MC2X	XBJV	KIU5	2	external	77,2	2	m	f	f
Pairing 1	M1	8	XBJV	KIU5	SBJ4	1	internal	207,3	2	f	f	f
Pairing 1	M1	8	XBJV	KIU5	SBJ4	2	external	120,1	2	f	f	f
Pairing 1	M1	9	KIU5	SBJ4	MC2X	1	internal	152,6	3	f	f	m
Pairing 1	M1	9	KIU5	SBJ4	MC2X	2	external	102,1	3	f	f	m
Pairing 1	M1	10	SBJ4	MC2X	XBJV	1	external	164,5	3	f	m	f
Pairing 1	M1	10	SBJ4	MC2X	XBJV	2	internal	180,2	3	f	m	f
Pairing 1	M1	11	MC2X	XBJV	KIU5	1	internal	87,3	3	m	f	f
Pairing 1	M1	11	MC2X	XBJV	KIU5	2	external	80,6	3	m	f	f
Pairing 1	M1	12	XBJV	KIU5	SBJ4	1	internal	147,0	3	f	f	f
Pairing 1	M1	12	XBJV	KIU5	SBJ4	2	external	126,3	3	f	f	f
Pairing 1	M1	1	Q80H	ESW0	R19W	1	external	112,1	1	m	f	m
Pairing 1	M1	1	Q80H	ESW0	R19W	2	internal	108,1	1	m	f	m
Pairing 1	M1	2	ESW0	R19W	OW8O	1	external	199,7	1	f	m	f
Pairing 1	M1	2	ESW0	R19W	OW8O	2	internal	243,3	1	f	m	f
Pairing 1	M1	3	R19W	OW8O	Q80H	1	internal	175,2	1	m	f	m
Pairing 1	M1	3	R19W	OW8O	Q80H	2	external	121,9	1	m	f	m
Pairing 1	M1	4	OW8O	Q80H	ESW0	1	internal	177,0	1	f	m	f
Pairing 1	M1	4	OW8O	Q80H	ESW0	2	external	148,1	1	f	m	f
Pairing 1	M1	5	Q80H	ESW0	R19W	1	external	141,4	2	m	f	m
Pairing 1	M1	5	Q80H	ESW0	R19W	2	internal	113,4	2	m	f	m
Pairing 1	M1	6	ESW0	R19W	OW8O	1	internal	257,6	2	f	m	f
Pairing 1	M1	6	ESW0	R19W	OW8O	2	external	185,9	2	f	m	f
Pairing 1	M1	7	R19W	OW8O	Q80H	1	internal	143,2	2	m	f	m
Pairing 1	M1	7	R19W	OW8O	Q80H	2	external	120,5	2	m	f	m
Pairing 1	M1	8	OW8O	Q80H	ESW0	1	external	151,2	2	f	m	f
Pairing 1	M1	8	OW8O	Q80H	ESW0	2	internal	185,9	2	f	m	f
Pairing 1	M1	9	Q80H	ESW0	R19W	1	external	138,3	3	m	f	m
Pairing 1	M1	9	Q80H	ESW0	R19W	2	internal	121,9	3	m	f	m
Pairing 1	M1	10	ESW0	R19W	OW8O	1	internal	228,0	3	f	m	f
Pairing 1	M1	10	ESW0	R19W	OW8O	2	external	189,5	3	f	m	f
Pairing 1	M1	11	R19W	OW8O	Q80H	1	external	114,7	3	m	f	m
Pairing 1	M1	11	R19W	OW8O	Q80H	2	internal	144,5	3	m	f	m
Pairing 1	M1	12	OW8O	Q80H	ESW0	1	internal	211,7	3	f	m	f
Pairing 1	M1	12	OW8O	Q80H	ESW0	2	external	158,8	3	f	m	f
Pairing 2	M1	1	Q80H	R19W	ESW0	1	internal	214,8	1	m	m	f
Pairing 2	M1	1	Q80H	R19W	ESW0	2	external	182,4	1	m	m	f
Pairing 2	M1	2	R19W	ESW0	OW8O	1	external	155,7	1	m	f	f
Pairing 2	M1	2	R19W	ESW0	OW8O	2	internal	111,6	1	m	f	f
Pairing 2	M1	3	ESW0	OW8O	Q80H	1	external	153,9	1	f	f	m
Pairing 2	M1	3	ESW0	OW8O	Q80H	2	internal	205,5	1	f	f	m
Pairing 2	M1	4	OW8O	Q80H	R19W	1	external	156,6	1	f	m	m
Pairing 2	M1	4	OW8O	Q80H	R19W	2	internal	218,0	1	f	m	m
Pairing 2	M1	5	Q80H	R19W	ESW0	1	internal	180,1	2	m	m	f
Pairing 2	M1	5	Q80H	R19W	ESW0	2	external	163,2	2	m	m	f
Pairing 2	M1	6	R19W	ESW0	OW8O	1	external	141,0	2	m	f	f
Pairing 2	M1	6	R19W	ESW0	OW8O	2	internal	92,5	2	m	f	f
Pairing 2	M1	7	ESW0	OW8O	Q80H	1	internal	203,3	2	f	f	m
Pairing 2	M1	7	ESW0	OW8O	Q80H	2	external	156,6	2	f	f	m
Pairing 2	M1	8	OW8O	Q80H	R19W	1	external	131,2	2	f	m	m
Pairing 2	M1	8	OW8O	Q80H	R19W	2	internal	201,1	2	f	m	m
Pairing 2	M1	9	Q80H	R19W	ESW0	1	external	181,9	3	m	m	f
Pairing 2	M1	9	Q80H	R19W	ESW0	2	internal	208,2	3	m	m	f
Pairing 2	M1	10	R19W	ESW0	OW8O	1	external	152,1	3	m	f	f
Pairing 2	M1	10	R19W	ESW0	OW8O	2	internal	102,7	3	m	f	f
Pairing 2	M1	11	ESW0	OW8O	Q80H	1	internal	198,4	3	f	f	m
Pairing 2	M1	11	ESW0	OW8O	Q80H	2	external	179,7	3	f	f	m
Pairing 2	M1	12	OW8O	Q80H	R19W	1	internal	228,6	3	f	m	m
Pairing 2	M1	12	OW8O	Q80H	R19W	2	external	154,3	3	f	m	m
Pairing 1	M1	1	B01W	CV81	0W85	1	internal	168,1	1	f	m	m
Pairing 1	M1	1	B01W	CV81	0W85	2	external	181,0	1	f	m	m
Pairing 1	M1	2	CV81	0W85	NE43	1	external	218,4	1	m	m	f
Pairing 1	M1	2	CV81	0W85	NE43	2	internal	258,0	1	m	m	f
Pairing 1	M1	3	0W85	NE43	B01W	1	external	104,5	1	m	f	f
Pairing 1	M1	3	0W85	NE43	B01W	2	internal	106,7	1	m	f	f
Pairing 1	M1	4	NE43	B01W	CV81	1	internal	129,0	1	f	f	m
Pairing 1	M1	4	NE43	B01W	CV81	2	external	99,6	1	f	f	m
Pairing 1	M1	5	B01W	CV81	0W85	1	internal	186,4	2	f	m	m
Pairing 1	M1	5	B01W	CV81	0W85	2	external	152,1	2	f	m	m
Pairing 1	M1	6	CV81	0W85	NE43	1	external	245,0	2	m	m	f
Pairing 1	M1	6	CV81	0W85	NE43	2	internal	225,1	2	m	m	f
Pairing 1	M1	7	0W85	NE43	B01W	1	external	113,0	2	m	f	f
Pairing 1	M1	7	0W85	NE43	B01W	2	internal	112,5	2	m	f	f
Pairing 1	M1	8	NE43	B01W	CV81	1	internal	121,9	2	f	f	m
Pairing 1	M1	8	NE43	B01W	CV81	2	external	99,2	2	f	f	m
Pairing 1	M1	9	B01W	CV81	0W85	1	internal	173,0	3	f	m	m
Pairing 1	M1	9	B01W	CV81	0W85	2	external	144,5	3	f	m	m
Pairing 1	M1	10	CV81	0W85	NE43	1	external	220,6	3	m	m	f
Pairing 1	M1	10	CV81	0W85	NE43	2	internal	206,4	3	m	m	f
Pairing 1	M1	11	0W85	NE43	B01W	1	internal	94,3	3	m	f	f
Pairing 1	M1	11	0W85	NE43	B01W	2	external	101,8	3	m	f	f
Pairing 1	M1	12	NE43	B01W	CV81	1	internal	130,3	3	f	f	m
Pairing 1	M1	12	NE43	B01W	CV81	2	external	125,4	3	f	f	m
Pairing 2	M1	1	B01W	0W85	CV81	1	internal	219,3	1	f	m	m
Pairing 2	M1	1	B01W	0W85	CV81	2	external	213,1	1	f	m	m
Pairing 2	M1	2	0W85	CV81	NE43	1	internal	177,5	1	m	m	f
Pairing 2	M1	2	0W85	CV81	NE43	2	external	149,0	1	m	m	f
Pairing 2	M1	3	CV81	NE43	B01W	1	external	121,0	1	m	f	f
Pairing 2	M1	3	CV81	NE43	B01W	2	internal	110,3	1	m	f	f
Pairing 2	M1	4	NE43	B01W	0W85	1	internal	116,1	1	f	f	m
Pairing 2	M1	4	NE43	B01W	0W85	2	external	104,5	1	f	f	m
Pairing 2	M1	5	B01W	0W85	CV81	1	internal	244,2	2	f	m	m
Pairing 2	M1	5	B01W	0W85	CV81	2	external	225,1	2	f	m	m
Pairing 2	M1	6	0W85	CV81	NE43	1	internal	156,1	2	m	m	f
Pairing 2	M1	6	0W85	CV81	NE43	2	external	154,3	2	m	m	f
Pairing 2	M1	7	CV81	NE43	B01W	1	internal	125,0	2	m	f	f
Pairing 2	M1	7	CV81	NE43	B01W	2	external	123,6	2	m	f	f
Pairing 2	M1	8	NE43	B01W	0W85	1	external	104,1	2	f	f	m
Pairing 2	M1	8	NE43	B01W	0W85	2	internal	116,5	2	f	f	m
Pairing 2	M1	9	B01W	0W85	CV81	1	external	207,3	3	f	m	m
Pairing 2	M1	9	B01W	0W85	CV81	2	internal	207,7	3	f	m	m
Pairing 2	M1	10	0W85	CV81	NE43	1	external	146,3	3	m	m	f
Pairing 2	M1	10	0W85	CV81	NE43	2	internal	165,9	3	m	m	f
Pairing 2	M1	11	CV81	NE43	B01W	1	internal	131,2	3	m	f	f
Pairing 2	M1	11	CV81	NE43	B01W	2	external	132,1	3	m	f	f
Pairing 2	M1	12	NE43	B01W	0W85	1	internal	111,2	3	f	f	m
Pairing 2	M1	12	NE43	B01W	0W85	2	external	93,4	3	f	f	m
Pairing 1	M1	1	MLS0	HOLJ	RNV5	1	external	182,8	1	f	m	f
Pairing 1	M1	1	MLS0	HOLJ	RNV5	2	internal	303,8	1	f	m	f
Pairing 1	M1	2	HOLJ	RNV5	DM6E	1	internal	125,0	1	m	f	f
Pairing 1	M1	2	HOLJ	RNV5	DM6E	2	external	90,0	1	m	f	f
Pairing 1	M1	3	RNV5	DM6E	MLS0	1	external	125,5	1	f	f	f
Pairing 1	M1	3	RNV5	DM6E	MLS0	2	internal	174,4	1	f	f	f
Pairing 1	M1	4	DM6E	MLS0	HOLJ	1	internal	139,7	1	f	f	m
Pairing 1	M1	4	DM6E	MLS0	HOLJ	2	external	145,0	1	f	f	m
Pairing 1	M1	5	MLS0	HOLJ	RNV5	1	external	203,7	2	f	m	f
Pairing 1	M1	5	MLS0	HOLJ	RNV5	2	internal	268,5	2	f	m	f
Pairing 1	M1	6	HOLJ	RNV5	DM6E	1	internal	137,4	2	m	f	f
Pairing 1	M1	6	HOLJ	RNV5	DM6E	2	external	97,0	2	m	f	f
Pairing 1	M1	7	RNV5	DM6E	MLS0	1	internal	128,1	2	f	f	f
Pairing 1	M1	7	RNV5	DM6E	MLS0	2	external	136,1	2	f	f	f
Pairing 1	M1	8	DM6E	MLS0	HOLJ	1	external	150,8	2	f	f	m
Pairing 1	M1	8	DM6E	MLS0	HOLJ	2	internal	109,4	2	f	f	m
Pairing 1	M1	9	MLS0	HOLJ	RNV5	1	internal	264,2	3	f	m	f
Pairing 1	M1	9	MLS0	HOLJ	RNV5	2	external	147,2	3	f	m	f
Pairing 1	M1	10	HOLJ	RNV5	DM6E	1	external	71,1	3	m	f	f
Pairing 1	M1	10	HOLJ	RNV5	DM6E	2	internal	141,0	3	m	f	f
Pairing 1	M1	11	RNV5	DM6E	MLS0	1	external	141,0	3	f	f	f
Pairing 1	M1	11	RNV5	DM6E	MLS0	2	internal	120,5	3	f	f	f
Pairing 1	M1	12	DM6E	MLS0	HOLJ	1	internal	117,9	3	f	f	m
Pairing 1	M1	12	DM6E	MLS0	HOLJ	2	external	152,1	3	f	f	m
Pairing 2	M1	1	MLS0	RNV5	HOLJ	1	external	92,5	1	f	f	m
Pairing 2	M1	1	MLS0	RNV5	HOLJ	2	internal	124,1	1	f	f	m
Pairing 2	M1	2	RNV5	HOLJ	DM6E	1	external	151,7	1	f	m	f
Pairing 2	M1	2	RNV5	HOLJ	DM6E	2	internal	242,0	1	f	m	f
Pairing 2	M1	3	HOLJ	DM6E	MLS0	1	external	146,8	1	m	f	f
Pairing 2	M1	3	HOLJ	DM6E	MLS0	2	internal	154,8	1	m	f	f
Pairing 2	M1	4	DM6E	MLS0	RNV5	1	internal	111,6	1	f	f	f
Pairing 2	M1	4	DM6E	MLS0	RNV5	2	external	154,3	1	f	f	f
Pairing 2	M1	5	MLS0	RNV5	HOLJ	1	internal	121,0	2	f	f	m
Pairing 2	M1	5	MLS0	RNV5	HOLJ	2	external	86,3	2	f	f	m
Pairing 2	M1	6	RNV5	HOLJ	DM6E	1	internal	251,8	2	f	m	f
Pairing 2	M1	6	RNV5	HOLJ	DM6E	2	external	146,8	2	f	m	f
Pairing 2	M1	7	HOLJ	DM6E	MLS0	1	internal	137,9	2	m	f	f
Pairing 2	M1	7	HOLJ	DM6E	MLS0	2	external	143,7	2	m	f	f
Pairing 2	M1	8	DM6E	MLS0	RNV5	1	internal	130,8	2	f	f	f
Pairing 2	M1	8	DM6E	MLS0	RNV5	2	external	153,0	2	f	f	f
Pairing 2	M1	9	MLS0	RNV5	HOLJ	1	internal	124,1	3	f	f	m
Pairing 2	M1	9	MLS0	RNV5	HOLJ	2	external	73,4	3	f	f	m
Pairing 2	M1	10	RNV5	HOLJ	DM6E	1	internal	230,0	3	f	m	f
Pairing 2	M1	10	RNV5	HOLJ	DM6E	2	external	151,2	3	f	m	f
Pairing 2	M1	11	HOLJ	DM6E	MLS0	1	internal	160,0	3	m	f	f
Pairing 2	M1	11	HOLJ	DM6E	MLS0	2	external	149,4	3	m	f	f
Pairing 2	M1	12	DM6E	MLS0	RNV5	1	external	149,0	3	f	f	f
Pairing 2	M1	12	DM6E	MLS0	RNV5	2	internal	113,4	3	f	f	f
Pairing 1	T0	1	XO3D	9OIM	E8FP	1	external	89,4	1	m	f	m
Pairing 1	T0	1	XO3D	9OIM	E8FP	2	internal	107,2	1	m	f	m
Pairing 1	T0	2	9OIM	E8FP	9EOO	1	internal	191,7	1	f	m	f
Pairing 1	T0	2	9OIM	E8FP	9EOO	2	external	169,5	1	f	m	f
Pairing 1	T0	3	E8FP	9EOO	XO3D	1	internal	127,6	1	m	f	m
Pairing 1	T0	3	E8FP	9EOO	XO3D	2	external	103,2	1	m	f	m
Pairing 1	T0	4	9EOO	XO3D	9OIM	1	external	196,6	1	f	m	f
Pairing 1	T0	4	9EOO	XO3D	9OIM	2	internal	214,0	1	f	m	f
Pairing 1	T0	5	XO3D	9OIM	E8FP	1	external	91,2	2	m	f	m
Pairing 1	T0	5	XO3D	9OIM	E8FP	2	internal	139,2	2	m	f	m
Pairing 1	T0	6	9OIM	E8FP	9EOO	1	internal	177,9	2	f	m	f
Pairing 1	T0	6	9OIM	E8FP	9EOO	2	external	176,6	2	f	m	f
Pairing 1	T0	7	E8FP	9EOO	XO3D	1	external	109,0	2	m	f	m
Pairing 1	T0	7	E8FP	9EOO	XO3D	2	internal	106,7	2	m	f	m
Pairing 1	T0	8	9EOO	XO3D	9OIM	1	internal	196,6	2	f	m	f
Pairing 1	T0	8	9EOO	XO3D	9OIM	2	external	171,7	2	f	m	f
Pairing 1	T0	9	XO3D	9OIM	E8FP	1	internal	112,5	3	m	f	m
Pairing 1	T0	9	XO3D	9OIM	E8FP	2	external	105,8	3	m	f	m
Pairing 1	T0	10	9OIM	E8FP	9EOO	1	external	174,0	3	f	m	f
Pairing 1	T0	10	9OIM	E8FP	9EOO	2	internal	169,0	3	f	m	f
Pairing 1	T0	11	E8FP	9EOO	XO3D	1	external	88,9	3	m	f	m
Pairing 1	T0	11	E8FP	9EOO	XO3D	2	internal	105,8	3	m	f	m
Pairing 1	T0	12	9EOO	XO3D	9OIM	1	external	167,2	3	f	m	f
Pairing 1	T0	12	9EOO	XO3D	9OIM	2	internal	205,5	3	f	m	f
Pairing 2	T0	1	XO3D	E8FP	9OIM	1	internal	194,4	1	m	m	f
Pairing 2	T0	1	XO3D	E8FP	9OIM	2	external	164,6	1	m	m	f
Pairing 2	T0	2	E8FP	9OIM	9EOO	1	external	100,0	1	m	f	f
Pairing 2	T0	2	E8FP	9OIM	9EOO	2	internal	91,6	1	m	f	f
Pairing 2	T0	3	9OIM	9EOO	XO3D	1	internal	137,0	1	f	f	m
Pairing 2	T0	3	9OIM	9EOO	XO3D	2	external	85,8	1	f	f	m
Pairing 2	T0	4	9EOO	XO3D	E8FP	1	external	121,9	1	f	m	m
Pairing 2	T0	4	9EOO	XO3D	E8FP	2	internal	158,5	1	f	m	m
Pairing 2	T0	5	XO3D	E8FP	9OIM	1	external	157,5	2	m	m	f
Pairing 2	T0	5	XO3D	E8FP	9OIM	2	internal	188,6	2	m	m	f
Pairing 2	T0	6	E8FP	9OIM	9EOO	1	external	130,0	2	m	f	f
Pairing 2	T0	6	E8FP	9OIM	9EOO	2	internal	160,5	2	m	f	f
Pairing 2	T0	7	9OIM	9EOO	XO3D	1	internal	117,0	2	f	f	m
Pairing 2	T0	7	9OIM	9EOO	XO3D	2	external	77,4	2	f	f	m
Pairing 2	T0	8	9EOO	XO3D	E8FP	1	internal	162,4	2	f	m	m
Pairing 2	T0	8	9EOO	XO3D	E8FP	2	external	134,2	2	f	m	m
Pairing 2	T0	9	XO3D	E8FP	9OIM	1	external	155,4	3	m	m	f
Pairing 2	T0	9	XO3D	E8FP	9OIM	2	internal	180,0	3	m	m	f
Pairing 2	T0	10	E8FP	9OIM	9EOO	1	internal	152,5	3	m	f	f
Pairing 2	T0	10	E8FP	9OIM	9EOO	2	external	124,0	3	m	f	f
Pairing 2	T0	11	9OIM	9EOO	XO3D	1	external	70,3	3	f	f	m
Pairing 2	T0	11	9OIM	9EOO	XO3D	2	internal	112,8	3	f	f	m
Pairing 2	T0	12	9EOO	XO3D	E8FP	1	internal	162,1	3	f	m	m
Pairing 2	T0	12	9EOO	XO3D	E8FP	2	external	142,0	3	f	m	m
Pairing 1	T0	1	KGRE	EBNE	4N1T	1	internal	119,6	1	f	m	f
Pairing 1	T0	1	KGRE	EBNE	4N1T	2	external	125,0	1	f	m	f
Pairing 1	T0	2	EBNE	4N1T	3Y7T	1	external	81,8	1	m	f	f
Pairing 1	T0	2	EBNE	4N1T	3Y7T	2	internal	113,4	1	m	f	f
Pairing 1	T0	3	4N1T	3Y7T	KGRE	1	internal	110,7	1	f	f	f
Pairing 1	T0	3	4N1T	3Y7T	KGRE	2	external	92,0	1	f	f	f
Pairing 1	T0	4	3Y7T	KGRE	EBNE	1	external	109,4	1	f	f	m
Pairing 1	T0	4	3Y7T	KGRE	EBNE	2	internal	136,0	1	f	f	m
Pairing 1	T0	5	KGRE	EBNE	4N1T	1	external	132,0	2	f	m	f
Pairing 1	T0	5	KGRE	EBNE	4N1T	2	internal	181,0	2	f	m	f
Pairing 1	T0	6	EBNE	4N1T	3Y7T	1	internal	92,0	2	m	f	f
Pairing 1	T0	6	EBNE	4N1T	3Y7T	2	external	96,1	2	m	f	f
Pairing 1	T0	7	4N1T	3Y7T	KGRE	1	internal	85,4	2	f	f	f
Pairing 1	T0	7	4N1T	3Y7T	KGRE	2	external	100,9	2	f	f	f
Pairing 1	T0	8	3Y7T	KGRE	EBNE	1	external	113,9	2	f	f	m
Pairing 1	T0	8	3Y7T	KGRE	EBNE	2	internal	151,7	2	f	f	m
Pairing 1	T0	9	KGRE	EBNE	4N1T	1	external	138,4	3	f	m	f
Pairing 1	T0	9	KGRE	EBNE	4N1T	2	internal	188,6	3	f	m	f
Pairing 1	T0	10	EBNE	4N1T	3Y7T	1	internal	93,4	3	m	f	f
Pairing 1	T0	10	EBNE	4N1T	3Y7T	2	external	109,4	3	m	f	f
Pairing 1	T0	11	4N1T	3Y7T	KGRE	1	internal	93,8	3	f	f	f
Pairing 1	T0	11	4N1T	3Y7T	KGRE	2	external	91,6	3	f	f	f
Pairing 1	T0	12	3Y7T	KGRE	EBNE	1	external	105,8	3	f	f	m
Pairing 1	T0	12	3Y7T	KGRE	EBNE	2	internal	150,8	3	f	f	m
Pairing 2	T0	1	KGRE	4N1T	EBNE	1	internal	80,0	1	f	f	m
Pairing 2	T0	1	KGRE	4N1T	EBNE	2	external	99,2	1	f	f	m
Pairing 2	T0	2	4N1T	EBNE	3Y7T	1	internal	133,9	1	f	m	f
Pairing 2	T0	2	4N1T	EBNE	3Y7T	2	external	156,6	1	f	m	f
Pairing 2	T0	3	EBNE	3Y7T	KGRE	1	internal	103,2	1	m	f	f
Pairing 2	T0	3	EBNE	3Y7T	KGRE	2	external	77,4	1	m	f	f
Pairing 2	T0	4	3Y7T	KGRE	4N1T	1	internal	160,6	1	f	f	f
Pairing 2	T0	4	3Y7T	KGRE	4N1T	2	external	95,2	1	f	f	f
Pairing 2	T0	5	KGRE	4N1T	EBNE	1	external	88,9	2	f	f	m
Pairing 2	T0	5	KGRE	4N1T	EBNE	2	internal	151,0	2	f	f	m
Pairing 2	T0	6	4N1T	EBNE	3Y7T	1	internal	154,3	2	f	m	f
Pairing 2	T0	6	4N1T	EBNE	3Y7T	2	external	177,5	2	f	m	f
Pairing 2	T0	7	EBNE	3Y7T	KGRE	1	internal	129,4	2	m	f	f
Pairing 2	T0	7	EBNE	3Y7T	KGRE	2	external	93,4	2	m	f	f
Pairing 2	T0	8	3Y7T	KGRE	4N1T	1	internal	147,7	2	f	f	f
Pairing 2	T0	8	3Y7T	KGRE	4N1T	2	external	100,9	2	f	f	f
Pairing 2	T0	9	KGRE	4N1T	EBNE	1	internal	111,6	3	f	f	m
Pairing 2	T0	9	KGRE	4N1T	EBNE	2	external	106,3	3	f	f	m
Pairing 2	T0	10	4N1T	EBNE	3Y7T	1	external	138,8	3	f	m	f
Pairing 2	T0	10	4N1T	EBNE	3Y7T	2	internal	196,0	3	f	m	f
Pairing 2	T0	11	EBNE	3Y7T	KGRE	1	external	91,6	3	m	f	f
Pairing 2	T0	11	EBNE	3Y7T	KGRE	2	internal	131,6	3	m	f	f
Pairing 2	T0	12	3Y7T	KGRE	4N1T	1	external	105,4	3	f	f	f
Pairing 2	T0	12	3Y7T	KGRE	4N1T	2	internal	148,6	3	f	f	f
Pairing 1	T0	1	8SUE	C7WI	9EMF	1	internal	78,3	1	f	f	f
Pairing 1	T0	1	8SUE	C7WI	9EMF	2	external	90,7	1	f	f	f
Pairing 1	T0	2	C7WI	9EMF	8SUE	1	internal	82,7	1	f	f	f
Pairing 1	T0	2	C7WI	9EMF	8SUE	2	external	88,5	1	f	f	f
Pairing 1	T0	3	9EMF	8SUE	C7WI	1	internal	122,3	1	f	f	f
Pairing 1	T0	3	9EMF	8SUE	C7WI	2	external	112,5	1	f	f	f
Pairing 1	T0	4	8SUE	C7WI	9EMF	1	internal	109,8	2	f	f	f
Pairing 1	T0	4	8SUE	C7WI	9EMF	2	external	83,6	2	f	f	f
Pairing 1	T0	5	C7WI	9EMF	8SUE	1	external	84,5	2	f	f	f
Pairing 1	T0	5	C7WI	9EMF	8SUE	2	internal	100,9	2	f	f	f
Pairing 1	T0	6	9EMF	8SUE	C7WI	1	external	98,7	2	f	f	f
Pairing 1	T0	6	9EMF	8SUE	C7WI	2	internal	139,7	2	f	f	f
Pairing 1	T0	7	8SUE	C7WI	9EMF	1	external	96,5	3	f	f	f
Pairing 1	T0	7	8SUE	C7WI	9EMF	2	internal	90,7	3	f	f	f
Pairing 1	T0	8	C7WI	9EMF	8SUE	1	internal	107,6	3	f	f	f
Pairing 1	T0	8	C7WI	9EMF	8SUE	2	external	79,1	3	f	f	f
Pairing 1	T0	9	9EMF	8SUE	C7WI	1	internal	134,8	3	f	f	f
Pairing 1	T0	9	9EMF	8SUE	C7WI	2	external	94,7	3	f	f	f
Pairing 2	T0	1	8SUE	9EMF	C7WI	1	internal	92,0	1	f	f	f
Pairing 2	T0	1	8SUE	9EMF	C7WI	2	external	84,5	1	f	f	f
Pairing 2	T0	2	9EMF	C7WI	8SUE	1	external	77,8	1	f	f	f
Pairing 2	T0	2	9EMF	C7WI	8SUE	2	internal	101,8	1	f	f	f
Pairing 2	T0	3	C7WI	8SUE	9EMF	1	external	86,7	1	f	f	f
Pairing 2	T0	3	C7WI	8SUE	9EMF	2	internal	120,1	1	f	f	f
Pairing 2	T0	4	8SUE	9EMF	C7WI	1	external	84,9	2	f	f	f
Pairing 2	T0	4	8SUE	9EMF	C7WI	2	internal	92,0	2	f	f	f
Pairing 2	T0	5	9EMF	C7WI	8SUE	1	internal	101,8	2	f	f	f
Pairing 2	T0	5	9EMF	C7WI	8SUE	2	external	72,9	2	f	f	f
Pairing 2	T0	6	C7WI	8SUE	9EMF	1	external	84,0	2	f	f	f
Pairing 2	T0	6	C7WI	8SUE	9EMF	2	internal	109,0	2	f	f	f
Pairing 2	T0	7	8SUE	9EMF	C7WI	1	external	80,9	3	f	f	f
Pairing 2	T0	7	8SUE	9EMF	C7WI	2	internal	109,0	3	f	f	f
Pairing 2	T0	8	9EMF	C7WI	8SUE	1	internal	90,3	3	f	f	f
Pairing 2	T0	8	9EMF	C7WI	8SUE	2	external	76,0	3	f	f	f
Pairing 2	T0	9	C7WI	8SUE	9EMF	1	internal	125,4	3	f	f	f
Pairing 2	T0	9	C7WI	8SUE	9EMF	2	external	79,6	3	f	f	f
Pairing 1	T0	1	03Q1	XKHX	UY8N	1	external	108,1	1	m	f	m
Pairing 1	T0	1	03Q1	XKHX	UY8N	2	internal	135,7	1	m	f	m
Pairing 1	T0	2	XKHX	UY8N	03Q1	1	internal	286,9	1	f	m	m
Pairing 1	T0	2	XKHX	UY8N	03Q1	2	external	225,5	1	f	m	m
Pairing 1	T0	3	UY8N	03Q1	XKHX	1	internal	140,5	1	m	m	f
Pairing 1	T0	3	UY8N	03Q1	XKHX	2	external	143,7	1	m	m	f
Pairing 1	T0	4	03Q1	XKHX	UY8N	1	external	117,0	2	m	f	m
Pairing 1	T0	4	03Q1	XKHX	UY8N	2	internal	135,7	2	m	f	m
Pairing 1	T0	5	XKHX	UY8N	03Q1	1	internal	317,2	2	f	m	m
Pairing 1	T0	5	XKHX	UY8N	03Q1	2	external	211,7	2	f	m	m
Pairing 1	T0	6	UY8N	03Q1	XKHX	1	external	152,6	2	m	m	f
Pairing 1	T0	6	UY8N	03Q1	XKHX	2	internal	158,8	2	m	m	f
Pairing 1	T0	7	03Q1	XKHX	UY8N	1	external	122,7	3	m	f	m
Pairing 1	T0	7	03Q1	XKHX	UY8N	2	internal	141,4	3	m	f	m
Pairing 1	T0	8	XKHX	UY8N	03Q1	1	internal	304,7	3	f	m	m
Pairing 1	T0	8	XKHX	UY8N	03Q1	2	external	220,6	3	f	m	m
Pairing 1	T0	9	UY8N	03Q1	XKHX	1	external	162,8	3	m	m	f
Pairing 1	T0	9	UY8N	03Q1	XKHX	2	internal	166,4	3	m	m	f
Pairing 2	T0	1	03Q1	UY8N	XKHX	1	external	203,3	1	m	m	f
Pairing 2	T0	1	03Q1	UY8N	XKHX	2	internal	327,9	1	m	m	f
Pairing 2	T0	2	UY8N	XKHX	03Q1	1	external	118,7	1	m	f	m
Pairing 2	T0	2	UY8N	XKHX	03Q1	2	internal	149,9	1	m	f	m
Pairing 2	T0	3	XKHX	03Q1	UY8N	1	internal	172,1	1	f	m	m
Pairing 2	T0	3	XKHX	03Q1	UY8N	2	external	141,0	1	f	m	m
Pairing 2	T0	4	03Q1	UY8N	XKHX	1	internal	275,4	2	m	m	f
Pairing 2	T0	4	03Q1	UY8N	XKHX	2	external	191,7	2	m	m	f
Pairing 2	T0	5	UY8N	XKHX	03Q1	1	internal	145,4	2	m	f	m
Pairing 2	T0	5	UY8N	XKHX	03Q1	2	external	96,9	2	m	f	m
Pairing 2	T0	6	XKHX	03Q1	UY8N	1	internal	164,1	2	f	m	m
Pairing 2	T0	6	XKHX	03Q1	UY8N	2	external	148,6	2	f	m	m
Pairing 2	T0	7	03Q1	UY8N	XKHX	1	internal	314,1	3	m	m	f
Pairing 2	T0	7	03Q1	UY8N	XKHX	2	external	197,1	3	m	m	f
Pairing 2	T0	8	UY8N	XKHX	03Q1	1	internal	133,0	3	m	f	m
Pairing 2	T0	8	UY8N	XKHX	03Q1	2	external	100,1	3	m	f	m
Pairing 2	T0	9	XKHX	03Q1	UY8N	1	internal	161,9	3	f	m	m
Pairing 2	T0	9	XKHX	03Q1	UY8N	2	external	162,3	3	f	m	m
Pairing 1	G8	1	B1BU	AJT0	NYLS	1	external	115,6	1	f	f	m
Pairing 1	G8	1	B1BU	AJT0	NYLS	2	internal	169,5	1	f	f	m
Pairing 1	G8	2	AJT0	NYLS	B1BU	1	internal	193,9	1	f	m	f
Pairing 1	G8	2	AJT0	NYLS	B1BU	2	external	167,7	1	f	m	f
Pairing 1	G8	3	NYLS	B1BU	AJT0	1	internal	113,0	1	m	f	f
Pairing 1	G8	3	NYLS	B1BU	AJT0	2	external	73,8	1	m	f	f
Pairing 1	G8	4	B1BU	AJT0	NYLS	1	external	111,0	2	f	f	m
Pairing 1	G8	4	B1BU	AJT0	NYLS	2	internal	130,0	2	f	f	m
Pairing 1	G8	5	AJT0	NYLS	B1BU	1	external	176,6	2	f	m	f
Pairing 1	G8	5	AJT0	NYLS	B1BU	2	internal	224,2	2	f	m	f
Pairing 1	G8	6	NYLS	B1BU	AJT0	1	external	92,0	2	m	f	f
Pairing 1	G8	6	NYLS	B1BU	AJT0	2	internal	129,4	2	m	f	f
Pairing 1	G8	7	B1BU	AJT0	NYLS	1	internal	125,0	3	f	f	m
Pairing 1	G8	7	B1BU	AJT0	NYLS	2	external	119,2	3	f	f	m
Pairing 1	G8	8	AJT0	NYLS	B1BU	1	internal	193,9	3	f	m	f
Pairing 1	G8	8	AJT0	NYLS	B1BU	2	external	169,5	3	f	m	f
Pairing 1	G8	9	NYLS	B1BU	AJT0	1	internal	109,0	3	m	f	f
Pairing 1	G8	9	NYLS	B1BU	AJT0	2	external	75,6	3	m	f	f
Pairing 2	G8	1	B1BU	NYLS	AJT0	1	internal	166,4	1	f	m	f
Pairing 2	G8	1	B1BU	NYLS	AJT0	2	external	167,7	1	f	m	f
Pairing 2	G8	2	NYLS	AJT0	B1BU	1	external	111,6	1	m	f	f
Pairing 2	G8	2	NYLS	AJT0	B1BU	2	internal	178,4	1	m	f	f
Pairing 2	G8	3	AJT0	B1BU	NYLS	1	internal	128,1	1	f	f	m
Pairing 2	G8	3	AJT0	B1BU	NYLS	2	external	108,5	1	f	f	m
Pairing 2	G8	4	B1BU	NYLS	AJT0	1	internal	171,7	2	f	m	f
Pairing 2	G8	4	B1BU	NYLS	AJT0	2	external	150,8	2	f	m	f
Pairing 2	G8	5	NYLS	AJT0	B1BU	1	internal	162,1	2	m	f	f
Pairing 2	G8	5	NYLS	AJT0	B1BU	2	external	127,2	2	m	f	f
Pairing 2	G8	6	AJT0	B1BU	NYLS	1	external	85,8	2	f	f	m
Pairing 2	G8	6	AJT0	B1BU	NYLS	2	internal	116,5	2	f	f	m
Pairing 2	G8	7	B1BU	NYLS	AJT0	1	internal	180,1	3	f	m	f
Pairing 2	G8	7	B1BU	NYLS	AJT0	2	external	161,9	3	f	m	f
Pairing 2	G8	8	NYLS	AJT0	B1BU	1	internal	153,0	3	m	f	f
Pairing 2	G8	8	NYLS	AJT0	B1BU	2	external	108,1	3	m	f	f
Pairing 2	G8	9	AJT0	B1BU	NYLS	1	external	108,1	3	f	f	m
Pairing 2	G8	9	AJT0	B1BU	NYLS	2	internal	113,9	3	f	f	m
Pairing 1	G8	4	WYMH	DQDJ	8LNG	1	external	166,4	1	f	m	m
Pairing 1	G8	4	WYMH	DQDJ	8LNG	2	internal	206,4	1	f	m	m
Pairing 1	G8	8	WYMH	DQDJ	8LNG	1	internal	226,0	2	f	m	m
Pairing 1	G8	8	WYMH	DQDJ	8LNG	2	external	188,7	2	f	m	m
Pairing 1	G8	12	WYMH	DQDJ	8LNG	1	internal	200,4	3	f	m	m
Pairing 1	G8	12	WYMH	DQDJ	8LNG	2	external	204,5	3	f	m	m
Pairing 2	G8	1	DQDJ	8LNG	WYMH	1	external	187,7	1	m	m	f
Pairing 2	G8	1	DQDJ	8LNG	WYMH	2	internal	190,0	1	m	m	f
Pairing 2	G8	2	DQDJ	8LNG	WYMH	1	external	150,0	2	m	m	f
Pairing 2	G8	2	DQDJ	8LNG	WYMH	2	internal	178,4	2	m	m	f
Pairing 2	G8	6	DQDJ	8LNG	WYMH	1	external	155,4	3	m	m	f
Pairing 2	G8	6	DQDJ	8LNG	WYMH	2	internal	165,0	3	m	m	f
Pairing 1	G8	1	Q1CO	96H6	UQO6	1	internal	145,4	1	f	f	f
Pairing 1	G8	1	Q1CO	96H6	UQO6	2	external	94,3	1	f	f	f
Pairing 1	G8	2	96H6	UQO6	Q1CO	1	internal	149,9	1	f	f	f
Pairing 1	G8	2	96H6	UQO6	Q1CO	2	external	103,6	1	f	f	f
Pairing 1	G8	3	UQO6	Q1CO	96H6	1	external	125,4	1	f	f	f
Pairing 1	G8	3	UQO6	Q1CO	96H6	2	internal	152,0	1	f	f	f
Pairing 1	G8	4	Q1CO	96H6	UQO6	1	internal	166,8	2	f	f	f
Pairing 1	G8	4	Q1CO	96H6	UQO6	2	external	85,8	2	f	f	f
Pairing 1	G8	5	96H6	UQO6	Q1CO	1	internal	125,9	2	f	f	f
Pairing 1	G8	5	96H6	UQO6	Q1CO	2	external	109,9	2	f	f	f
Pairing 1	G8	6	UQO6	Q1CO	96H6	1	external	115,6	2	f	f	f
Pairing 1	G8	6	UQO6	Q1CO	96H6	2	internal	152,6	2	f	f	f
Pairing 1	G8	7	Q1CO	96H6	UQO6	1	external	94,3	3	f	f	f
Pairing 1	G8	7	Q1CO	96H6	UQO6	2	internal	137,0	3	f	f	f
Pairing 1	G8	8	96H6	UQO6	Q1CO	1	internal	133,0	3	f	f	f
Pairing 1	G8	8	96H6	UQO6	Q1CO	2	external	113,4	3	f	f	f
Pairing 1	G8	9	UQO6	Q1CO	96H6	1	external	109,8	3	f	f	f
Pairing 1	G8	9	UQO6	Q1CO	96H6	2	internal	144,1	3	f	f	f
Pairing 2	G8	1	Q1CO	UQO6	96H6	1	external	103,6	1	f	f	f
Pairing 2	G8	1	Q1CO	UQO6	96H6	2	internal	124,1	1	f	f	f
Pairing 2	G8	2	UQO6	96H6	Q1CO	1	internal	140,5	1	f	f	f
Pairing 2	G8	2	UQO6	96H6	Q1CO	2	external	101,8	1	f	f	f
Pairing 2	G8	3	96H6	Q1CO	UQO6	1	external	98,7	1	f	f	f
Pairing 2	G8	3	96H6	Q1CO	UQO6	2	internal	135,2	1	f	f	f
Pairing 2	G8	4	Q1CO	UQO6	96H6	1	internal	143,2	2	f	f	f
Pairing 2	G8	4	Q1CO	UQO6	96H6	2	external	112,1	2	f	f	f
Pairing 2	G8	5	UQO6	96H6	Q1CO	1	internal	127,6	2	f	f	f
Pairing 2	G8	5	UQO6	96H6	Q1CO	2	external	96,1	2	f	f	f
Pairing 2	G8	6	96H6	Q1CO	UQO6	1	external	106,3	2	f	f	f
Pairing 2	G8	6	96H6	Q1CO	UQO6	2	internal	131,2	2	f	f	f
Pairing 2	G8	7	Q1CO	UQO6	96H6	1	internal	130,8	3	f	f	f
Pairing 2	G8	7	Q1CO	UQO6	96H6	2	external	109,0	3	f	f	f
Pairing 2	G8	8	UQO6	96H6	Q1CO	1	external	97,4	3	f	f	f
Pairing 2	G8	8	UQO6	96H6	Q1CO	2	internal	127,2	3	f	f	f
Pairing 2	G8	9	96H6	Q1CO	UQO6	1	external	107,6	3	f	f	f
Pairing 2	G8	9	96H6	Q1CO	UQO6	2	internal	147,2	3	f	f	f
Pairing 1	G8	1	2BW9	W7B5	PIGD	1	internal	106,7	1	f	f	m
Pairing 1	G8	1	2BW9	W7B5	PIGD	2	external	92,5	1	f	f	m
Pairing 1	G8	2	W7B5	PIGD	QDH7	1	internal	162,3	1	f	m	m
Pairing 1	G8	2	W7B5	PIGD	QDH7	2	external	135,7	1	f	m	m
Pairing 1	G8	3	PIGD	QDH7	2BW9	1	internal	209,1	1	m	m	f
Pairing 1	G8	3	PIGD	QDH7	2BW9	2	external	173,5	1	m	m	f
Pairing 1	G8	4	QDH7	2BW9	W7B5	1	external	105,4	1	m	f	f
Pairing 1	G8	4	QDH7	2BW9	W7B5	2	internal	125,9	1	m	f	f
Pairing 1	G8	5	2BW9	W7B5	PIGD	1	external	94,7	2	f	f	m
Pairing 1	G8	5	2BW9	W7B5	PIGD	2	internal	125,9	2	f	f	m
Pairing 1	G8	6	W7B5	PIGD	QDH7	1	internal	161,0	2	f	m	m
Pairing 1	G8	6	W7B5	PIGD	QDH7	2	external	145,4	2	f	m	m
Pairing 1	G8	7	PIGD	QDH7	2BW9	1	internal	243,3	2	m	m	f
Pairing 1	G8	7	PIGD	QDH7	2BW9	2	external	173,0	2	m	m	f
Pairing 1	G8	8	QDH7	2BW9	W7B5	1	external	96,1	2	m	f	f
Pairing 1	G8	8	QDH7	2BW9	W7B5	2	internal	145,0	2	m	f	f
Pairing 1	G8	9	2BW9	W7B5	PIGD	1	internal	108,1	3	f	f	m
Pairing 1	G8	9	2BW9	W7B5	PIGD	2	external	97,4	3	f	f	m
Pairing 1	G8	10	W7B5	PIGD	QDH7	1	external	167,2	3	f	m	m
Pairing 1	G8	10	W7B5	PIGD	QDH7	2	internal	214,8	3	f	m	m
Pairing 1	G8	11	PIGD	QDH7	2BW9	1	external	158,3	3	m	m	f
Pairing 1	G8	11	PIGD	QDH7	2BW9	2	internal	204,6	3	m	m	f
Pairing 1	G8	12	QDH7	2BW9	W7B5	1	internal	129,4	3	m	f	f
Pairing 1	G8	12	QDH7	2BW9	W7B5	2	external	106,3	3	m	f	f
Pairing 2	G8	1	2BW9	PIGD	W7B5	1	internal	203,7	1	f	m	f
Pairing 2	G8	1	2BW9	PIGD	W7B5	2	external	134,3	1	f	m	f
Pairing 2	G8	2	PIGD	W7B5	QDH7	1	internal	93,8	1	m	f	m
Pairing 2	G8	2	PIGD	W7B5	QDH7	2	external	78,7	1	m	f	m
Pairing 2	G8	3	W7B5	QDH7	2BW9	1	external	224,2	1	f	m	f
Pairing 2	G8	3	W7B5	QDH7	2BW9	2	internal	244,2	1	f	m	f
Pairing 2	G8	4	QDH7	2BW9	PIGD	1	external	100,9	1	m	f	m
Pairing 2	G8	4	QDH7	2BW9	PIGD	2	internal	145,0	1	m	f	m
Pairing 2	G8	5	2BW9	PIGD	W7B5	1	internal	205,5	2	f	m	f
Pairing 2	G8	5	2BW9	PIGD	W7B5	2	external	127,6	2	f	m	f
Pairing 2	G8	6	PIGD	W7B5	QDH7	1	internal	109,0	2	m	f	m
Pairing 2	G8	6	PIGD	W7B5	QDH7	2	external	80,0	2	m	f	m
Pairing 2	G8	7	W7B5	QDH7	2BW9	1	internal	297,2	2	f	m	f
Pairing 2	G8	7	W7B5	QDH7	2BW9	2	external	210,0	2	f	m	f
Pairing 2	G8	8	QDH7	2BW9	PIGD	1	internal	127,2	2	m	f	m
Pairing 2	G8	8	QDH7	2BW9	PIGD	2	external	93,4	2	m	f	m
Pairing 2	G8	9	2BW9	PIGD	W7B5	1	external	112,1	3	f	m	f
Pairing 2	G8	9	2BW9	PIGD	W7B5	2	internal	229,1	3	f	m	f
Pairing 2	G8	10	PIGD	W7B5	QDH7	1	internal	99,2	3	m	f	m
Pairing 2	G8	10	PIGD	W7B5	QDH7	2	external	89,4	3	m	f	m
Pairing 2	G8	11	W7B5	QDH7	2BW9	1	external	221,1	3	f	m	f
Pairing 2	G8	11	W7B5	QDH7	2BW9	2	internal	331,0	3	f	m	f
Pairing 2	G8	12	QDH7	2BW9	PIGD	1	external	106,3	3	m	f	m
Pairing 2	G8	12	QDH7	2BW9	PIGD	2	internal	138,3	3	m	f	m
Pairing 1	Y7	1	HURM	I22H	YX6H	1	internal	121,0	1	m	f	f
Pairing 1	Y7	1	HURM	I22H	YX6H	2	external	81,0	1	m	f	f
Pairing 1	Y7	2	I22H	YX6H	HURM	1	internal	103,0	1	f	f	m
Pairing 1	Y7	2	I22H	YX6H	HURM	2	external	74,0	1	f	f	m
Pairing 1	Y7	3	YX6H	HURM	I22H	1	internal	218,0	1	f	m	f
Pairing 1	Y7	3	YX6H	HURM	I22H	2	external	176,0	1	f	m	f
Pairing 1	Y7	4	HURM	I22H	YX6H	1	external	89,0	2	m	f	f
Pairing 1	Y7	4	HURM	I22H	YX6H	2	internal	112,0	2	m	f	f
Pairing 1	Y7	5	I22H	YX6H	HURM	1	external	77,0	2	f	f	m
Pairing 1	Y7	5	I22H	YX6H	HURM	2	internal	93,0	2	f	f	m
Pairing 1	Y7	6	YX6H	HURM	I22H	1	external	189,0	2	f	m	f
Pairing 1	Y7	6	YX6H	HURM	I22H	2	internal	271,0	2	f	m	f
Pairing 1	Y7	7	HURM	I22H	YX6H	1	internal	137,0	3	m	f	f
Pairing 1	Y7	7	HURM	I22H	YX6H	2	external	98,0	3	m	f	f
Pairing 1	Y7	8	I22H	YX6H	HURM	1	internal	111,0	3	f	f	m
Pairing 1	Y7	8	I22H	YX6H	HURM	2	external	78,0	3	f	f	m
Pairing 1	Y7	9	YX6H	HURM	I22H	1	external	199,0	3	f	m	f
Pairing 1	Y7	9	YX6H	HURM	I22H	2	internal	197,0	3	f	m	f
Pairing 2	Y7	1	HURM	YX6H	I22H	1	external	66,0	1	m	f	f
Pairing 2	Y7	1	HURM	YX6H	I22H	2	internal	107,0	1	m	f	f
Pairing 2	Y7	2	YX6H	I22H	HURM	1	external	107,0	1	f	f	m
Pairing 2	Y7	2	YX6H	I22H	HURM	2	internal	129,0	1	f	f	m
Pairing 2	Y7	3	I22H	HURM	YX6H	1	internal	264,0	1	f	m	f
Pairing 2	Y7	3	I22H	HURM	YX6H	2	external	204,0	1	f	m	f
Pairing 2	Y7	4	HURM	YX6H	I22H	1	internal	110,0	2	m	f	f
Pairing 2	Y7	4	HURM	YX6H	I22H	2	external	67,0	2	m	f	f
Pairing 2	Y7	5	YX6H	I22H	HURM	1	internal	133,0	2	f	f	m
Pairing 2	Y7	5	YX6H	I22H	HURM	2	external	107,0	2	f	f	m
Pairing 2	Y7	6	I22H	HURM	YX6H	1	internal	257,0	2	f	m	f
Pairing 2	Y7	6	I22H	HURM	YX6H	2	external	208,0	2	f	m	f
Pairing 2	Y7	7	HURM	YX6H	I22H	1	external	74,0	3	m	f	f
Pairing 2	Y7	7	HURM	YX6H	I22H	2	internal	113,0	3	m	f	f
Pairing 2	Y7	8	YX6H	I22H	HURM	1	internal	131,0	3	f	f	m
Pairing 2	Y7	8	YX6H	I22H	HURM	2	external	110,0	3	f	f	m
Pairing 2	Y7	9	I22H	HURM	YX6H	1	internal	249,0	3	f	m	f
Pairing 2	Y7	9	I22H	HURM	YX6H	2	external	237,0	3	f	m	f
Pairing 1	Y7	1	L07I	G5QJ	PBAN	1	internal	148,6	1	f	f	f
Pairing 1	Y7	1	L07I	G5QJ	PBAN	2	external	102,7	1	f	f	f
Pairing 1	Y7	2	G5QJ	PBAN	6QVB	1	external	105,4	1	f	f	f
Pairing 1	Y7	2	G5QJ	PBAN	6QVB	2	internal	129,5	1	f	f	f
Pairing 1	Y7	3	PBAN	6QVB	L07I	1	internal	112,5	1	f	f	f
Pairing 1	Y7	3	PBAN	6QVB	L07I	2	external	91,6	1	f	f	f
Pairing 1	Y7	4	6QVB	L07I	G5QJ	1	internal	110,3	1	f	f	f
Pairing 1	Y7	4	6QVB	L07I	G5QJ	2	external	95,6	1	f	f	f
Pairing 1	Y7	5	L07I	G5QJ	PBAN	1	external	123,6	2	f	f	f
Pairing 1	Y7	5	L07I	G5QJ	PBAN	2	internal	126,3	2	f	f	f
Pairing 1	Y7	6	G5QJ	PBAN	6QVB	1	internal	127,2	2	f	f	f
Pairing 1	Y7	6	G5QJ	PBAN	6QVB	2	external	95,6	2	f	f	f
Pairing 1	Y7	7	PBAN	6QVB	L07I	1	internal	113,9	2	f	f	f
Pairing 1	Y7	7	PBAN	6QVB	L07I	2	external	89,8	2	f	f	f
Pairing 1	Y7	8	6QVB	L07I	G5QJ	1	external	92,0	2	f	f	f
Pairing 1	Y7	8	6QVB	L07I	G5QJ	2	internal	97,8	2	f	f	f
Pairing 1	Y7	9	L07I	G5QJ	PBAN	1	external	123,6	3	f	f	f
Pairing 1	Y7	9	L07I	G5QJ	PBAN	2	internal	115,6	3	f	f	f
Pairing 1	Y7	10	G5QJ	PBAN	6QVB	1	external	94,7	3	f	f	f
Pairing 1	Y7	10	G5QJ	PBAN	6QVB	2	internal	130,8	3	f	f	f
Pairing 1	Y7	11	PBAN	6QVB	L07I	1	internal	119,2	3	f	f	f
Pairing 1	Y7	11	PBAN	6QVB	L07I	2	external	99,2	3	f	f	f
Pairing 1	Y7	12	6QVB	L07I	G5QJ	1	internal	112,5	3	f	f	f
Pairing 1	Y7	12	6QVB	L07I	G5QJ	2	external	92,0	3	f	f	f
Pairing 2	Y7	1	L07I	PBAN	G5QJ	1	internal	120,1	1	f	f	f
Pairing 2	Y7	1	L07I	PBAN	G5QJ	2	external	113,4	1	f	f	f
Pairing 2	Y7	2	PBAN	G5QJ	6QVB	1	internal	129,9	1	f	f	f
Pairing 2	Y7	2	PBAN	G5QJ	6QVB	2	external	105,8	1	f	f	f
Pairing 2	Y7	3	G5QJ	6QVB	L07I	1	internal	128,9	1	f	f	f
Pairing 2	Y7	3	G5QJ	6QVB	L07I	2	external	124,1	1	f	f	f
Pairing 2	Y7	4	6QVB	L07I	PBAN	1	external	76,5	1	f	f	f
Pairing 2	Y7	4	6QVB	L07I	PBAN	2	internal	99,6	1	f	f	f
Pairing 2	Y7	5	L07I	PBAN	G5QJ	1	internal	116,1	2	f	f	f
Pairing 2	Y7	5	L07I	PBAN	G5QJ	2	external	105,8	2	f	f	f
Pairing 2	Y7	6	PBAN	G5QJ	6QVB	1	external	103,6	2	f	f	f
Pairing 2	Y7	6	PBAN	G5QJ	6QVB	2	internal	124,1	2	f	f	f
Pairing 2	Y7	7	G5QJ	6QVB	L07I	1	external	116,5	2	f	f	f
Pairing 2	Y7	7	G5QJ	6QVB	L07I	2	internal	112,5	2	f	f	f
Pairing 2	Y7	8	6QVB	L07I	PBAN	1	internal	129,4	2	f	f	f
Pairing 2	Y7	8	6QVB	L07I	PBAN	2	external	98,7	2	f	f	f
Pairing 2	Y7	9	L07I	PBAN	G5QJ	1	internal	112,1	3	f	f	f
Pairing 2	Y7	9	L07I	PBAN	G5QJ	2	external	111,2	3	f	f	f
Pairing 2	Y7	10	PBAN	G5QJ	6QVB	1	internal	133,8	3	f	f	f
Pairing 2	Y7	10	PBAN	G5QJ	6QVB	2	external	115,6	3	f	f	f
Pairing 2	Y7	11	G5QJ	6QVB	L07I	1	external	98,7	3	f	f	f
Pairing 2	Y7	11	G5QJ	6QVB	L07I	2	internal	112,1	3	f	f	f
Pairing 2	Y7	12	6QVB	L07I	PBAN	1	external	102,3	3	f	f	f
Pairing 2	Y7	12	6QVB	L07I	PBAN	2	internal	113,0	3	f	f	f
Pairing 1	Y7	1	2TT1	7J9M	EQY3	1	external	99,0	1	f	f	f
Pairing 1	Y7	1	2TT1	7J9M	EQY3	2	internal	130,0	1	f	f	f
Pairing 1	Y7	2	7J9M	EQY3	FW51	1	external	114,0	1	f	f	m
Pairing 1	Y7	2	7J9M	EQY3	FW51	2	internal	141,0	1	f	f	m
Pairing 1	Y7	3	EQY3	FW51	2TT1	1	internal	224,0	1	f	m	f
Pairing 1	Y7	3	EQY3	FW51	2TT1	2	external	167,0	1	f	m	f
Pairing 1	Y7	4	FW51	2TT1	7J9M	1	external	94,0	1	m	f	f
Pairing 1	Y7	4	FW51	2TT1	7J9M	2	internal	105,0	1	m	f	f
Pairing 1	Y7	5	2TT1	7J9M	EQY3	1	internal	139,0	2	f	f	f
Pairing 1	Y7	5	2TT1	7J9M	EQY3	2	external	100,0	2	f	f	f
Pairing 1	Y7	6	7J9M	EQY3	FW51	1	internal	155,0	2	f	f	m
Pairing 1	Y7	6	7J9M	EQY3	FW51	2	external	114,0	2	f	f	m
Pairing 1	Y7	7	EQY3	FW51	2TT1	1	internal	234,0	2	f	m	f
Pairing 1	Y7	7	EQY3	FW51	2TT1	2	external	169,0	2	f	m	f
Pairing 1	Y7	8	FW51	2TT1	7J9M	1	external	99,0	2	m	f	f
Pairing 1	Y7	8	FW51	2TT1	7J9M	2	internal	127,0	2	m	f	f
Pairing 1	Y7	9	2TT1	7J9M	EQY3	1	internal	147,0	3	f	f	f
Pairing 1	Y7	9	2TT1	7J9M	EQY3	2	external	117,0	3	f	f	f
Pairing 1	Y7	10	7J9M	EQY3	FW51	1	internal	155,0	3	f	f	m
Pairing 1	Y7	10	7J9M	EQY3	FW51	2	external	115,0	3	f	f	m
Pairing 1	Y7	11	EQY3	FW51	2TT1	1	external	175,0	3	f	m	f
Pairing 1	Y7	11	EQY3	FW51	2TT1	2	internal	186,0	3	f	m	f
Pairing 1	Y7	12	FW51	2TT1	7J9M	1	external	101,0	3	m	f	f
Pairing 1	Y7	12	FW51	2TT1	7J9M	2	internal	146,0	3	m	f	f
Pairing 2	Y7	1	2TT1	EQY3	7J9M	1	internal	162,0	1	f	f	f
Pairing 2	Y7	1	2TT1	EQY3	7J9M	2	external	113,0	1	f	f	f
Pairing 2	Y7	2	EQY3	7J9M	FW51	1	external	99,0	1	f	f	m
Pairing 2	Y7	2	EQY3	7J9M	FW51	2	internal	127,0	1	f	f	m
Pairing 2	Y7	3	7J9M	FW51	2TT1	1	external	176,0	1	f	m	f
Pairing 2	Y7	3	7J9M	FW51	2TT1	2	internal	209,0	1	f	m	f
Pairing 2	Y7	4	FW51	2TT1	EQY3	1	internal	138,0	1	m	f	f
Pairing 2	Y7	4	FW51	2TT1	EQY3	2	external	90,0	1	m	f	f
Pairing 2	Y7	5	2TT1	EQY3	7J9M	1	external	100,0	2	f	f	f
Pairing 2	Y7	5	2TT1	EQY3	7J9M	2	internal	183,0	2	f	f	f
Pairing 2	Y7	6	EQY3	7J9M	FW51	1	internal	133,0	2	f	f	m
Pairing 2	Y7	6	EQY3	7J9M	FW51	2	external	86,0	2	f	f	m
Pairing 2	Y7	7	7J9M	FW51	2TT1	1	internal	206,0	2	f	m	f
Pairing 2	Y7	7	7J9M	FW51	2TT1	2	external	153,0	2	f	m	f
Pairing 2	Y7	8	FW51	2TT1	EQY3	1	external	103,0	2	m	f	f
Pairing 2	Y7	8	FW51	2TT1	EQY3	2	internal	137,0	2	m	f	f
Pairing 2	Y7	9	2TT1	EQY3	7J9M	1	internal	177,0	3	f	f	f
Pairing 2	Y7	9	2TT1	EQY3	7J9M	2	external	108,0	3	f	f	f
Pairing 2	Y7	10	EQY3	7J9M	FW51	1	external	100,0	3	f	f	m
Pairing 2	Y7	10	EQY3	7J9M	FW51	2	internal	117,0	3	f	f	m
Pairing 2	Y7	11	7J9M	FW51	2TT1	1	external	168,0	3	f	m	f
Pairing 2	Y7	11	7J9M	FW51	2TT1	2	internal	223,0	3	f	m	f
Pairing 2	Y7	12	FW51	2TT1	EQY3	1	internal	140,0	3	m	f	f
Pairing 2	Y7	12	FW51	2TT1	EQY3	2	external	97,0	3	m	f	f
Pairing 1	Y7	1	7IJJ	2AI2	C9OV	1	internal	327,0	1	f	m	m
Pairing 1	Y7	1	7IJJ	2AI2	C9OV	2	external	204,0	1	f	m	m
Pairing 1	Y7	2	2AI2	C9OV	SBL6	1	internal	279,35	1	m	m	f
Pairing 1	Y7	2	2AI2	C9OV	SBL6	2	external	171,2	1	m	m	f
Pairing 1	Y7	3	C9OV	SBL6	7IJJ	1	external	67,5	1	m	f	f
Pairing 1	Y7	3	C9OV	SBL6	7IJJ	2	internal	143,0	1	m	f	f
Pairing 1	Y7	4	SBL6	7IJJ	2AI2	1	external	96,5	1	f	f	m
Pairing 1	Y7	4	SBL6	7IJJ	2AI2	2	internal	154,6	1	f	f	m
Pairing 1	Y7	5	7IJJ	2AI2	C9OV	1	internal	256,7	2	f	m	m
Pairing 1	Y7	5	7IJJ	2AI2	C9OV	2	external	146,3	2	f	m	m
Pairing 1	Y7	6	2AI2	C9OV	SBL6	1	internal	280,7	2	m	m	f
Pairing 1	Y7	6	2AI2	C9OV	SBL6	2	external	155,7	2	m	m	f
Pairing 1	Y7	7	C9OV	SBL6	7IJJ	1	external	88,0	2	m	f	f
Pairing 1	Y7	7	C9OV	SBL6	7IJJ	2	internal	150,0	2	m	f	f
Pairing 1	Y7	8	SBL6	7IJJ	2AI2	1	internal	179,3	2	f	f	m
Pairing 1	Y7	8	SBL6	7IJJ	2AI2	2	external	125,0	2	f	f	m
Pairing 1	Y7	9	7IJJ	2AI2	C9OV	1	external	131,6	3	f	m	m
Pairing 1	Y7	9	7IJJ	2AI2	C9OV	2	internal	227,3	3	f	m	m
Pairing 1	Y7	10	2AI2	C9OV	SBL6	1	external	240,2	3	m	m	f
Pairing 1	Y7	10	2AI2	C9OV	SBL6	2	internal	278,0	3	m	m	f
Pairing 1	Y7	11	C9OV	SBL6	7IJJ	1	internal	134,3	3	m	f	f
Pairing 1	Y7	11	C9OV	SBL6	7IJJ	2	external	104,1	3	m	f	f
Pairing 1	Y7	12	SBL6	7IJJ	2AI2	1	internal	130,3	3	f	f	m
Pairing 1	Y7	12	SBL6	7IJJ	2AI2	2	external	115,6	3	f	f	m
Pairing 2	Y7	1	7IJJ	C9OV	2AI2	1	internal	256,2	1	f	m	m
Pairing 2	Y7	1	7IJJ	C9OV	2AI2	2	external	155,7	1	f	m	m
Pairing 2	Y7	2	C9OV	2AI2	SBL6	1	external	139,2	1	m	m	f
Pairing 2	Y7	2	C9OV	2AI2	SBL6	2	internal	211,3	1	m	m	f
Pairing 2	Y7	3	2AI2	SBL6	7IJJ	1	external	121,9	1	m	f	f
Pairing 2	Y7	3	2AI2	SBL6	7IJJ	2	internal	141,0	1	m	f	f
Pairing 2	Y7	4	SBL6	7IJJ	C9OV	1	internal	136,5	1	f	f	m
Pairing 2	Y7	4	SBL6	7IJJ	C9OV	2	external	101,4	1	f	f	m
Pairing 2	Y7	5	7IJJ	C9OV	2AI2	1	internal	220,1	2	f	m	m
Pairing 2	Y7	5	7IJJ	C9OV	2AI2	2	external	170,4	2	f	m	m
Pairing 2	Y7	6	C9OV	2AI2	SBL6	1	internal	201,9	2	m	m	f
Pairing 2	Y7	6	C9OV	2AI2	SBL6	2	external	131,6	2	m	m	f
Pairing 2	Y7	7	2AI2	SBL6	7IJJ	1	internal	142,3	2	m	f	f
Pairing 2	Y7	7	2AI2	SBL6	7IJJ	2	external	121,0	2	m	f	f
Pairing 2	Y7	8	SBL6	7IJJ	C9OV	1	external	115,2	2	f	f	m
Pairing 2	Y7	8	SBL6	7IJJ	C9OV	2	internal	129,0	2	f	f	m
Pairing 2	Y7	9	7IJJ	C9OV	2AI2	1	internal	254,0	3	f	m	m
Pairing 2	Y7	9	7IJJ	C9OV	2AI2	2	external	184,6	3	f	m	m
Pairing 2	Y7	10	C9OV	2AI2	SBL6	1	external	174,4	3	m	m	f
Pairing 2	Y7	10	C9OV	2AI2	SBL6	2	internal	215,3	3	m	m	f
Pairing 2	Y7	11	2AI2	SBL6	7IJJ	1	external	106,7	3	m	f	f
Pairing 2	Y7	11	2AI2	SBL6	7IJJ	2	internal	132,1	3	m	f	f
Pairing 2	Y7	12	SBL6	7IJJ	C9OV	1	external	100,5	3	f	f	m
Pairing 2	Y7	12	SBL6	7IJJ	C9OV	2	internal	118,3	3	f	f	m
